Step;VehicleID;X_Pos;Y_Pos;Speed_ms;Angle
1;veh0;4.59;42.08;8.83;103.28
2;veh0;11.93;40.35;7.53;103.28
3;veh0;19.60;38.53;7.89;103.28
4;veh0;27.50;36.36;8.20;106.75
5;veh0;35.29;34.00;8.14;106.84
6;veh0;43.62;31.48;8.70;106.84
7;veh0;51.16;29.67;7.77;101.65
8;veh0;59.55;28.72;8.45;95.12
9;veh0;68.15;27.40;8.75;103.92
10;veh0;75.96;24.84;8.22;108.78
11;veh0;83.20;22.33;7.66;109.10
11;veh1;4.59;42.08;7.82;103.28
12;veh0;91.34;19.38;8.66;110.58
12;veh1;11.25;40.51;6.84;103.28
13;veh0;99.04;16.45;8.23;110.86
13;veh1;18.55;38.78;7.50;103.28
14;veh0;107.02;13.41;8.54;110.86
14;veh1;25.93;36.84;7.63;105.57
15;veh0;114.35;10.41;7.92;112.33
15;veh1;33.39;34.58;7.80;106.84
16;veh0;122.23;7.17;8.52;112.33
16;veh1;40.38;32.46;7.31;106.84
17;veh0;129.76;4.08;8.14;112.33
17;veh1;47.09;30.43;7.01;106.84
18;veh0;136.99;1.11;7.82;112.33
18;veh1;52.37;29.49;5.37;99.56
19;veh0;142.66;-0.79;6.02;107.74
19;veh1;59.31;29.64;7.12;84.63
20;veh0;147.05;2.96;6.18;41.79
20;veh1;63.06;35.12;6.88;26.00
21;veh0;150.53;10.46;8.27;24.93
21;veh1;64.55;42.13;7.18;10.40
21;veh2;42.47;112.66;8.42;99.64
22;veh0;154.25;18.45;8.81;24.93
22;veh1;65.92;49.69;7.68;10.30
22;veh2;50.06;111.37;7.70;99.64
23;veh0;157.45;25.33;7.59;24.93
23;veh1;67.13;56.32;6.74;10.30
23;veh2;57.71;110.07;7.76;99.64
24;veh0;161.00;32.97;8.43;24.93
24;veh1;68.43;63.47;7.27;10.30
24;veh2;65.83;108.69;8.24;99.64
25;veh0;164.58;40.68;8.50;24.93
25;veh1;70.11;70.45;7.17;14.24
25;veh2;71.32;107.62;5.59;101.16
26;veh0;167.90;47.82;7.88;24.93
26;veh1;71.89;77.48;7.26;14.24
26;veh2;74.90;103.95;5.52;138.70
27;veh0;171.38;55.32;8.26;24.93
27;veh1;73.59;84.18;6.91;14.24
27;veh2;73.81;98.07;6.00;191.70
28;veh0;174.65;62.34;7.74;24.93
28;veh1;75.43;91.43;7.47;14.24
28;veh2;71.84;90.32;8.00;194.21
29;veh0;177.93;69.40;7.79;24.93
29;veh1;76.73;96.56;5.30;14.24
29;veh2;69.82;82.31;8.26;194.21
30;veh0;178.32;75.10;6.09;359.26
30;veh1;77.43;99.31;2.84;14.24
30;veh2;67.85;74.57;7.99;194.21
31;veh0;173.86;77.73;5.28;299.29
31;veh1;77.48;99.51;0.21;14.24
31;veh2;66.08;67.58;7.21;194.21
31;veh3;4.59;42.08;9.02;103.28
32;veh0;167.49;80.24;6.86;291.55
32;veh1;77.51;99.63;0.13;14.24
32;veh2;64.65;60.51;7.21;190.30
32;veh3;13.06;40.08;8.70;103.28
33;veh0;159.48;83.41;8.61;291.55
33;veh1;77.51;99.64;0.00;14.24
33;veh2;63.24;52.78;7.86;190.30
33;veh3;21.63;38.06;8.80;103.28
34;veh0;152.19;86.29;7.84;291.55
34;veh1;77.51;99.64;0.00;14.24
34;veh2;61.81;44.89;8.01;190.30
34;veh3;29.41;35.78;8.11;106.84
35;ourVehicle1;70.95;111.07;15.00;282.02
35;veh0;144.30;89.40;8.48;291.55
35;veh1;78.00;101.19;1.63;15.21
35;veh2;60.86;39.71;5.27;190.30
35;veh3;37.39;33.37;8.33;106.84
36;ourVehicle1;57.23;113.40;13.91;279.64
36;ourVehicle15;140.47;-0.32;15.00;112.33
36;ourVehicle17;55.04;32.33;15.00;274.19
36;ourVehicle23;174.66;73.97;15.00;111.55
36;ourVehicle3;85.42;107.99;15.00;284.46
36;ourVehicle30;-0.37;43.25;15.00;103.28
36;ourVehicle47;178.42;70.46;15.00;24.93
36;ourVehicle48;55.72;29.00;15.00;98.38
36;ourVehicle5;67.53;30.95;15.00;287.24
36;ourVehicle52;70.41;107.91;15.00;99.64
36;ourVehicle65;141.69;2.64;15.00;225.34
36;ourVehicle81;37.44;113.51;15.00;99.64
36;veh0;136.45;92.50;8.44;291.55
36;veh1;80.27;104.54;4.14;31.63
36;veh2;60.57;38.11;1.62;190.30
36;veh3;45.47;30.92;8.44;106.84
37;ourVehicle1;45.80;115.34;11.59;279.64
37;ourVehicle15;149.33;7.86;13.84;24.93
37;ourVehicle17;40.82;35.68;14.65;286.84
37;ourVehicle23;170.33;60.65;15.00;204.93
37;ourVehicle3;71.31;110.99;14.43;282.02
37;ourVehicle30;13.44;39.99;14.19;103.28
37;ourVehicle47;170.26;79.15;14.07;291.55
37;ourVehicle48;69.52;26.98;14.03;105.60
37;ourVehicle5;55.53;32.29;12.10;273.86
37;ourVehicle52;73.47;96.74;13.85;193.91
37;ourVehicle65;128.79;7.94;13.94;292.34
37;ourVehicle81;51.45;111.13;14.21;99.64
37;veh0;128.59;95.35;8.38;288.83
37;veh1;85.83;104.58;5.71;92.08
37;veh2;60.56;38.02;0.09;190.30
37;veh3;53.18;29.37;7.89;98.38
38;ourVehicle1;38.13;116.65;7.78;279.64
38;ourVehicle13;81.10;108.26;15.00;274.97
38;ourVehicle15;155.79;21.77;15.34;24.93
38;ourVehicle17;27.17;39.81;14.26;286.84
38;ourVehicle22;55.04;32.33;15.00;274.19
38;ourVehicle23;163.28;45.48;16.72;204.93
38;ourVehicle29;146.65;2.10;15.00;52.71
38;ourVehicle3;58.38;113.21;13.12;279.64
38;ourVehicle30;27.38;36.40;14.39;106.65
38;ourVehicle31;175.52;71.81;15.00;135.00
38;ourVehicle38;-0.37;43.25;15.00;103.28
38;ourVehicle47;155.58;84.95;15.78;291.55
38;ourVehicle48;83.44;22.25;14.70;109.10
38;ourVehicle52;69.66;81.69;15.52;194.21
38;ourVehicle65;116.03;13.18;13.80;292.34
38;ourVehicle66;143.75;3.45;15.00;204.93
38;ourVehicle7;67.53;30.95;15.00;287.24
38;ourVehicle73;55.72;29.00;15.00;98.38
38;ourVehicle81;65.55;108.74;14.30;99.64
38;ourVehicle83;175.83;76.95;15.00;318.27
38;veh0;121.14;97.63;7.79;286.99
38;veh1;92.45;102.87;6.85;104.45
38;veh2;60.55;37.98;0.05;190.30
38;veh3;62.11;28.68;8.96;92.27
39;ourVehicle1;38.55;113.32;5.94;156.83
39;ourVehicle10;67.53;30.95;15.00;287.24
39;ourVehicle13;73.46;96.70;14.89;194.46
39;ourVehicle15;163.12;37.54;17.39;24.93
39;ourVehicle17;13.26;43.33;14.35;283.28
39;ourVehicle22;40.49;35.78;14.99;286.84
39;ourVehicle23;155.60;28.95;18.23;204.93
39;ourVehicle29;152.65;15.01;14.24;24.93
39;ourVehicle3;49.44;114.72;9.07;279.64
39;ourVehicle30;40.18;32.52;13.38;106.84
39;ourVehicle31;169.20;58.22;14.99;204.93
39;ourVehicle38;13.37;40.01;14.12;103.28
39;ourVehicle47;142.06;90.29;14.54;291.55
39;ourVehicle48;97.34;17.09;14.83;110.86
39;ourVehicle52;66.01;67.29;14.85;194.21
39;ourVehicle65;102.61;18.51;14.44;290.84
39;ourVehicle66;130.91;7.07;14.15;292.34
39;ourVehicle7;64.71;43.01;14.07;10.30
39;ourVehicle81;70.76;107.80;5.30;100.22
39;ourVehicle83;162.71;82.13;14.11;291.55
39;veh0;113.91;99.84;7.55;286.99
39;veh1;99.06;101.03;6.85;106.01
39;veh2;60.55;37.97;0.01;190.30
39;veh3;69.84;26.88;7.97;105.89
40;ourVehicle1;45.70;112.11;7.26;99.64
40;ourVehicle10;53.90;32.50;13.74;275.69
40;ourVehicle13;69.69;81.83;15.35;194.21
40;ourVehicle15;171.20;54.93;19.18;24.93
40;ourVehicle17;3.51;45.63;10.02;283.28
40;ourVehicle22;27.29;39.78;13.80;286.84
40;ourVehicle23;147.66;11.87;18.84;204.93
40;ourVehicle29;158.81;28.27;14.62;24.93
40;ourVehicle3;42.76;115.86;6.77;279.64
40;ourVehicle30;48.87;30.01;9.05;105.56
40;ourVehicle31;163.01;44.89;14.69;204.93
40;ourVehicle34;175.52;71.81;15.00;135.00
40;ourVehicle38;27.24;36.44;14.32;106.55
40;ourVehicle4;77.76;100.61;15.00;14.24
40;ourVehicle47;131.12;94.58;11.75;291.24
40;ourVehicle48;110.19;12.12;13.79;111.71
40;ourVehicle52;63.95;56.69;10.80;190.30
40;ourVehicle65;89.55;23.48;13.96;290.84
40;ourVehicle66;116.38;13.04;15.72;292.34
40;ourVehicle7;67.62;59.03;16.28;10.30
40;ourVehicle81;74.86;103.35;6.71;147.83
40;ourVehicle83;150.27;87.04;13.37;291.55
40;veh0;105.59;102.38;8.70;286.99
40;veh1;105.70;99.00;6.95;106.99
40;veh2;60.55;37.97;0.00;190.30
40;veh3;78.12;24.09;8.73;109.10
41;ourVehicle1;54.95;110.54;9.38;99.64
41;ourVehicle10;39.81;35.99;14.56;286.84
41;ourVehicle13;66.65;69.82;12.39;194.21
41;ourVehicle15;178.08;69.72;16.31;24.93
41;ourVehicle17;-1.54;45.21;5.52;263.21
41;ourVehicle22;15.80;42.73;11.87;283.28
41;ourVehicle23;138.84;3.81;14.86;280.41
41;ourVehicle29;164.65;40.83;13.85;24.93
41;ourVehicle3;36.96;116.21;5.97;272.29
41;ourVehicle30;53.79;29.28;4.98;98.38
41;ourVehicle31;156.92;31.80;14.44;204.93
41;ourVehicle34;169.47;58.79;14.36;204.93
41;ourVehicle38;37.25;33.41;10.46;106.84
41;ourVehicle4;71.07;111.03;14.39;293.10
41;ourVehicle47;120.05;97.96;11.57;286.99
41;ourVehicle48;123.20;6.77;14.06;112.33
41;ourVehicle52;62.75;50.07;6.72;190.30
41;ourVehicle65;78.83;27.23;11.36;289.12
41;ourVehicle66;101.97;18.75;15.50;290.84
41;ourVehicle7;71.70;76.73;18.17;14.24
41;ourVehicle81;72.85;94.30;9.28;194.21
41;ourVehicle83;139.79;91.18;11.26;291.55
41;ourVehicle9;67.53;30.95;15.00;287.24
41;veh0;97.75;104.77;8.20;286.99
41;veh1;112.38;96.96;6.99;106.99
41;veh2;60.55;37.97;0.00;190.30
41;veh3;85.57;21.51;7.89;109.10
42;ourVehicle1;65.97;108.66;11.18;99.64
42;ourVehicle10;27.96;39.58;12.39;286.84
42;ourVehicle13;64.71;60.88;9.15;190.60
42;ourVehicle15;170.51;79.05;14.62;291.55
42;ourVehicle17;2.90;42.48;5.74;115.21
42;ourVehicle22;8.62;44.42;7.37;283.28
42;ourVehicle23;123.32;10.19;16.78;292.34
42;ourVehicle29;170.83;54.13;14.66;24.93
42;ourVehicle3;40.21;113.04;6.36;118.40
42;ourVehicle30;55.36;29.05;1.58;98.38
42;ourVehicle31;150.84;18.71;14.43;204.93
42;ourVehicle34;163.46;45.86;14.25;204.93
42;ourVehicle38;43.85;31.41;6.90;106.84
42;ourVehicle4;58.45;113.19;12.80;279.64
42;ourVehicle47;110.51;100.87;9.97;286.99
42;ourVehicle48;136.55;1.29;14.44;112.33
42;ourVehicle52;61.93;45.55;4.59;190.30
42;ourVehicle65;71.44;29.74;7.80;288.49
42;ourVehicle66;89.99;23.31;12.82;290.84
42;ourVehicle7;76.03;93.81;17.62;14.24
42;ourVehicle78;174.66;73.97;15.00;111.55
42;ourVehicle81;70.00;83.03;11.62;194.21
42;ourVehicle83;128.61;95.34;11.94;288.85
42;ourVehicle9;64.83;43.70;14.76;10.30
42;veh0;89.38;106.97;8.66;284.46
42;veh1;119.26;94.86;7.19;106.99
42;veh2;60.55;37.97;0.00;190.30
42;veh3;93.53;18.54;8.50;110.86
43;ourVehicle1;74.92;103.90;11.03;139.30
43;ourVehicle10;19.29;41.91;8.98;283.63
43;ourVehicle13;63.75;55.61;5.36;190.30
43;ourVehicle15;154.62;85.33;17.08;291.55
43;ourVehicle17;10.20;40.76;7.50;103.28
43;ourVehicle22;1.67;46.06;7.15;283.28
43;ourVehicle23;107.83;16.52;16.73;292.05
43;ourVehicle29;176.97;67.35;14.58;24.93
43;ourVehicle3;48.62;111.61;8.53;99.64
43;ourVehicle30;55.56;29.02;0.20;98.38
43;ourVehicle31;146.24;8.81;10.91;204.93
43;ourVehicle34;157.48;33.00;14.18;204.93
43;ourVehicle38;47.77;30.23;4.09;106.84
43;ourVehicle4;46.95;115.15;11.66;279.64
43;ourVehicle47;101.40;103.66;9.53;286.99
43;ourVehicle48;146.02;1.13;10.58;67.27
43;ourVehicle52;61.89;45.37;0.18;190.30
43;ourVehicle65;65.63;30.00;6.28;268.59
43;ourVehicle66;81.04;26.47;9.49;289.12
43;ourVehicle7;76.36;108.42;15.38;338.57
43;ourVehicle78;170.50;61.01;14.60;204.93
43;ourVehicle81;67.53;73.28;10.06;194.21
43;ourVehicle83;119.32;98.18;9.71;286.99
43;ourVehicle9;67.78;59.93;16.49;10.30
43;veh0;82.09;108.34;7.44;278.82
43;veh1;126.15;92.75;7.21;106.99
43;veh2;60.55;37.97;0.00;190.30
43;veh3;101.50;15.51;8.53;110.86
44;ourVehicle1;72.48;92.84;11.34;194.21
44;ourVehicle10;11.48;43.75;8.03;283.28
44;ourVehicle12;70.41;107.91;15.00;99.64
44;ourVehicle13;63.39;53.61;2.03;190.30
44;ourVehicle15;140.37;90.95;15.33;291.55
44;ourVehicle17;19.67;38.52;9.73;103.28
44;ourVehicle22;-0.04;43.17;6.35;187.12
44;ourVehicle23;96.10;20.99;12.55;290.84
44;ourVehicle29;176.69;76.46;10.52;329.67
44;ourVehicle3;59.02;109.84;10.55;99.64
44;ourVehicle30;55.61;29.02;0.06;98.38
44;ourVehicle31;143.24;2.78;6.77;207.04
44;ourVehicle34;152.00;21.21;13.00;204.93
44;ourVehicle38;48.03;30.15;0.27;106.84
44;ourVehicle4;38.75;116.54;8.31;279.64
44;ourVehicle47;92.48;106.17;9.27;284.63
44;ourVehicle48;150.72;10.85;10.80;24.93
44;ourVehicle52;61.89;45.36;0.01;190.30
44;ourVehicle65;70.31;26.74;6.39;114.42
44;ourVehicle66;74.20;28.84;7.24;289.12
44;ourVehicle7;62.85;112.45;14.36;279.64
44;ourVehicle78;163.69;46.35;16.17;204.93
44;ourVehicle81;65.87;66.74;6.75;194.21
44;ourVehicle83;110.72;100.81;9.00;286.99
44;ourVehicle9;71.58;76.27;16.78;14.24
44;veh0;81.20;108.29;0.91;275.61
44;veh1;132.74;90.53;6.96;109.31
44;veh2;60.55;37.97;0.00;190.30
44;veh3;109.42;12.43;8.50;111.46
45;ourVehicle1;69.70;81.87;11.32;194.21
45;ourVehicle10;4.22;45.46;7.46;283.28
45;ourVehicle12;84.52;104.91;14.41;101.99
45;ourVehicle13;63.25;52.84;0.78;190.30
45;ourVehicle15;128.51;95.38;12.67;288.75
45;ourVehicle17;30.49;35.46;11.25;106.84
45;ourVehicle22;8.16;41.24;8.42;103.28
45;ourVehicle23;87.13;24.36;9.59;290.33
45;ourVehicle29;166.64;80.58;10.87;291.55
45;ourVehicle3;70.31;107.93;11.45;99.64
45;ourVehicle30;55.62;29.01;0.01;98.38
45;ourVehicle31;137.34;4.43;6.35;291.87
45;ourVehicle34;148.05;12.71;9.37;204.93
45;ourVehicle38;48.17;30.11;0.15;106.75
45;ourVehicle4;38.58;113.32;6.60;155.91
45;ourVehicle47;88.56;107.18;4.05;284.46
45;ourVehicle48;156.27;22.81;13.18;24.93
45;ourVehicle52;61.89;45.35;0.01;190.30
45;ourVehicle65;78.46;23.98;8.61;109.10
45;ourVehicle66;69.14;30.45;5.31;287.59
45;ourVehicle7;52.35;114.23;10.65;279.64
45;ourVehicle78;157.73;33.52;14.14;204.93
45;ourVehicle81;64.97;62.30;4.53;191.72
45;ourVehicle83;101.58;103.60;9.56;286.99
45;ourVehicle9;74.91;89.39;13.54;14.24
45;veh0;78.01;106.98;3.51;254.44
45;veh1;138.83;88.12;6.54;111.55
45;veh2;60.55;37.97;0.00;190.30
45;veh3;117.20;9.24;8.41;112.33
46;ourVehicle1;67.79;74.33;7.78;194.21
46;ourVehicle10;-1.54;45.21;6.26;263.20
46;ourVehicle12;98.26;101.27;14.22;105.59
46;ourVehicle13;63.24;52.77;0.08;190.30
46;ourVehicle15;116.65;99.00;12.40;286.99
46;ourVehicle17;37.79;33.25;7.63;106.84
46;ourVehicle18;67.53;30.95;15.00;287.24
46;ourVehicle22;17.65;38.99;9.76;103.28
46;ourVehicle23;79.80;26.90;7.75;289.12
46;ourVehicle29;154.41;85.41;13.14;291.55
46;ourVehicle3;72.65;107.20;2.45;103.40
46;ourVehicle30;55.62;29.01;0.00;98.38
46;ourVehicle31;130.25;7.34;7.67;292.34
46;ourVehicle34;144.72;5.54;7.91;204.93
46;ourVehicle38;48.20;30.11;0.03;106.70
46;ourVehicle4;47.14;111.86;8.68;99.64
46;ourVehicle47;85.54;107.96;3.12;284.46
46;ourVehicle48;162.13;35.40;13.89;24.93
46;ourVehicle52;61.89;45.35;0.00;190.30
46;ourVehicle65;88.23;20.57;10.35;109.40
46;ourVehicle66;62.48;31.83;6.82;279.82
46;ourVehicle7;43.07;115.80;9.41;279.64
46;ourVehicle78;153.20;23.78;10.74;204.93
46;ourVehicle81;64.75;61.11;1.21;190.78
46;ourVehicle83;96.74;105.07;5.06;286.86
46;ourVehicle86;178.42;70.46;15.00;24.93
46;ourVehicle9;77.06;97.83;8.70;14.24
46;veh0;75.13;102.58;5.37;212.32
46;veh1;145.86;85.35;7.56;111.55
46;veh2;60.55;37.97;0.00;190.30
46;veh3;125.05;6.02;8.48;112.33
47;ourVehicle1;66.68;69.91;4.56;194.21
47;ourVehicle10;3.60;42.31;6.45;109.37
47;ourVehicle12;111.41;97.26;13.75;106.99
47;ourVehicle13;63.23;52.74;0.02;190.30
47;ourVehicle15;108.84;101.39;8.16;286.99
47;ourVehicle17;40.78;32.34;3.13;106.84
47;ourVehicle22;26.68;36.61;9.34;106.14
47;ourVehicle23;72.45;29.42;7.77;288.89
47;ourVehicle29;140.70;90.82;14.75;291.55
47;ourVehicle3;72.65;107.20;0.00;103.40
47;ourVehicle30;55.62;29.01;0.00;98.38
47;ourVehicle31;120.76;11.24;10.26;292.34
47;ourVehicle34;140.26;3.23;6.35;254.41
47;ourVehicle38;48.20;30.11;0.00;106.70
47;ourVehicle4;56.37;110.29;9.37;99.64
47;ourVehicle47;81.13;108.90;4.51;282.32
47;ourVehicle48;168.00;48.04;13.94;24.93
47;ourVehicle52;61.89;45.35;0.00;190.30
47;ourVehicle6;66.58;27.89;15.00;99.39
47;ourVehicle65;99.87;16.13;12.46;110.86
47;ourVehicle66;54.06;32.48;8.45;275.48
47;ourVehicle7;36.27;114.91;7.97;250.23
47;ourVehicle78;149.37;15.54;9.09;204.93
47;ourVehicle81;64.64;60.45;0.66;190.30
47;ourVehicle83;93.09;106.01;3.77;284.95
47;ourVehicle86;169.99;79.26;14.36;291.55
47;ourVehicle9;77.31;101.87;4.20;5.39
47;veh0;73.02;94.96;7.92;194.21
47;veh1;152.97;82.54;7.64;111.55
47;veh2;60.55;37.97;0.00;190.30
47;veh3;133.15;2.69;8.76;112.33
48;ourVehicle1;66.17;67.91;2.07;194.21
48;ourVehicle10;11.62;40.42;8.24;103.28
48;ourVehicle12;125.31;93.01;14.54;106.99
48;ourVehicle13;63.23;52.74;0.01;190.30
48;ourVehicle15;103.26;103.09;5.84;286.99
48;ourVehicle17;40.90;32.30;0.13;106.84
48;ourVehicle22;32.24;34.93;5.80;106.84
48;ourVehicle23;68.73;30.58;3.90;287.42
48;ourVehicle29;128.50;95.38;13.03;288.74
48;ourVehicle3;73.91;106.15;1.65;113.25
48;ourVehicle30;55.62;29.01;0.00;98.38
48;ourVehicle31;108.92;16.10;12.80;292.34
48;ourVehicle34;132.54;6.40;8.35;292.34
48;ourVehicle38;48.20;30.11;0.00;106.70
48;ourVehicle4;62.88;109.19;6.60;99.64
48;ourVehicle47;74.22;110.37;7.07;282.02
48;ourVehicle48;173.79;60.50;13.74;24.93
48;ourVehicle52;61.89;45.35;0.00;190.30
48;ourVehicle6;79.99;23.45;14.13;109.10
48;ourVehicle65;113.66;10.69;14.82;112.33
48;ourVehicle66;44.44;34.59;9.88;286.13
48;ourVehicle7;42.63;112.63;7.13;99.64
48;ourVehicle78;146.14;8.60;7.65;204.93
48;ourVehicle81;64.60;60.24;0.22;190.30
48;ourVehicle83;89.74;106.88;3.46;284.46
48;ourVehicle86;155.28;85.07;15.82;291.55
48;ourVehicle9;77.31;101.87;0.00;5.39
48;veh0;70.99;86.94;8.27;194.21
48;veh1;159.69;79.88;7.23;111.55
48;veh2;60.55;37.97;0.00;190.30
48;veh3;140.08;-0.16;7.49;112.33
49;ourVehicle1;66.11;67.69;0.22;194.21
49;ourVehicle10;20.87;38.23;9.51;103.28
49;ourVehicle12;138.12;88.40;13.62;111.55
49;ourVehicle13;63.23;52.73;0.00;190.30
49;ourVehicle15;98.78;104.46;4.68;286.99
49;ourVehicle17;40.96;32.29;0.06;106.84
49;ourVehicle22;33.49;34.55;1.30;106.84
49;ourVehicle23;67.84;30.85;0.93;287.24
49;ourVehicle29;118.71;98.37;10.24;286.99
49;ourVehicle3;74.78;102.58;3.85;158.36
49;ourVehicle30;55.62;29.01;0.00;98.38
49;ourVehicle31;95.56;21.19;14.29;290.84
49;ourVehicle34;123.51;10.11;9.76;292.34
49;ourVehicle38;48.20;30.11;0.00;106.70
49;ourVehicle4;65.73;108.70;2.89;99.64
49;ourVehicle47;65.58;111.98;8.80;279.64
49;ourVehicle52;61.89;45.35;0.00;190.30
49;ourVehicle6;93.05;18.73;13.89;110.86
49;ourVehicle65;124.93;6.06;12.19;112.33
49;ourVehicle66;32.75;38.12;12.21;286.84
49;ourVehicle7;50.85;111.23;8.34;99.64
49;ourVehicle78;141.80;2.61;8.07;223.64
49;ourVehicle81;64.58;60.13;0.11;190.30
49;ourVehicle83;84.91;108.04;4.97;283.60
49;ourVehicle86;141.99;90.31;14.28;291.55
49;ourVehicle9;77.31;101.87;0.00;5.39
49;veh0;69.08;79.42;7.75;194.21
49;veh1;166.21;77.31;7.01;111.55
49;veh2;60.55;37.97;0.00;190.30
49;veh3;145.76;0.73;6.28;74.22
50;ourVehicle1;66.06;67.50;0.20;194.21
50;ourVehicle10;25.70;36.90;5.01;105.41
50;ourVehicle12;149.10;84.06;11.81;111.55
50;ourVehicle13;63.23;52.73;0.00;190.30
50;ourVehicle15;94.21;105.72;4.75;285.54
50;ourVehicle17;41.01;32.27;0.05;106.84
50;ourVehicle22;33.72;34.48;0.24;106.84
50;ourVehicle23;65.81;30.19;2.25;271.87
50;ourVehicle29;110.98;100.73;8.08;286.99
50;ourVehicle3;73.57;97.12;5.60;193.27
50;ourVehicle30;55.62;29.01;0.00;98.38
50;ourVehicle31;85.04;25.08;11.23;289.57
50;ourVehicle34;112.92;14.46;11.44;292.34
50;ourVehicle38;48.20;30.11;0.00;106.70
50;ourVehicle4;70.28;107.93;4.62;99.64
50;ourVehicle47;54.67;113.84;11.07;279.64
50;ourVehicle52;61.89;45.35;0.00;190.30
50;ourVehicle6;106.32;13.67;14.20;110.86
50;ourVehicle65;133.44;2.57;9.20;112.33
50;ourVehicle66;19.36;41.89;13.92;283.68
50;ourVehicle7;56.45;110.28;5.68;99.64
50;ourVehicle78;132.46;6.43;10.09;292.34
50;ourVehicle81;64.57;60.12;0.01;190.30
50;ourVehicle83;80.55;108.09;4.43;271.33
50;ourVehicle86;130.30;94.83;12.54;290.46
50;ourVehicle9;77.31;101.87;0.00;5.39
50;veh0;68.11;75.56;3.98;194.21
50;veh1;173.44;74.45;7.77;111.55
50;veh2;60.55;37.97;0.00;190.30
50;veh3;148.43;5.92;5.84;26.20
51;ourVehicle1;66.06;67.47;0.03;194.21
51;ourVehicle10;26.28;36.73;0.60;105.84
51;ourVehicle12;159.36;80.01;11.02;111.55
51;ourVehicle13;63.23;52.73;0.00;190.30
51;ourVehicle15;89.61;106.91;4.75;284.46
51;ourVehicle17;41.01;32.27;0.01;106.84
51;ourVehicle22;33.77;34.46;0.06;106.84
51;ourVehicle23;67.50;27.61;3.71;169.66
51;ourVehicle29;105.07;102.54;6.18;286.99
51;ourVehicle3;71.63;89.49;7.87;194.21
51;ourVehicle30;55.62;29.01;0.00;98.38
51;ourVehicle31;78.01;27.52;7.44;289.12
51;ourVehicle34;100.97;19.14;12.84;290.84
51;ourVehicle38;48.20;30.11;0.00;106.70
51;ourVehicle4;70.31;107.93;0.03;99.64
51;ourVehicle47;41.45;116.08;13.40;279.64
51;ourVehicle52;61.89;45.35;0.00;190.30
51;ourVehicle6;118.69;8.63;13.36;112.33
51;ourVehicle65;141.31;-0.53;8.46;110.93
51;ourVehicle66;3.45;45.64;16.35;283.28
51;ourVehicle7;61.63;109.40;5.26;99.64
51;ourVehicle78;121.58;10.90;11.76;292.34
51;ourVehicle81;64.57;60.11;0.00;190.30
51;ourVehicle83;76.11;104.98;5.60;232.85
51;ourVehicle86;121.38;97.55;9.32;286.99
51;ourVehicle9;77.31;101.87;0.00;5.39
51;veh0;67.93;74.86;0.73;194.21
51;veh1;175.73;72.51;3.27;123.46
51;veh2;60.55;37.97;0.00;190.30
51;veh3;151.74;13.05;7.87;24.93
52;ourVehicle1;66.06;67.47;0.00;194.21
52;ourVehicle10;26.58;36.64;0.32;106.06
52;ourVehicle12;165.43;77.62;6.52;111.55
52;ourVehicle13;63.23;52.73;0.00;190.30
52;ourVehicle15;84.25;108.24;5.52;283.87
52;ourVehicle17;41.02;32.27;0.00;106.84
52;ourVehicle22;33.82;34.45;0.04;106.84
52;ourVehicle23;73.34;25.75;6.13;107.72
52;ourVehicle29;99.35;104.29;5.98;286.99
52;ourVehicle3;70.40;84.62;5.02;194.21
52;ourVehicle30;55.62;29.01;0.00;98.38
52;ourVehicle31;71.84;29.61;6.51;288.65
52;ourVehicle34;91.31;22.81;10.34;290.84
52;ourVehicle38;48.20;30.11;0.00;106.70
52;ourVehicle4;70.31;107.93;0.00;99.64
52;ourVehicle52;61.89;45.35;0.00;190.30
52;ourVehicle6;129.15;4.33;11.31;112.33
52;ourVehicle65;147.67;4.30;9.06;31.35
52;ourVehicle68;141.69;2.64;15.00;225.34
52;ourVehicle7;62.44;109.26;0.81;99.64
52;ourVehicle78;110.33;15.52;12.16;292.34
52;ourVehicle81;64.57;60.11;0.00;190.30
52;ourVehicle83;73.63;97.36;8.04;195.53
52;ourVehicle86;114.94;99.52;6.74;286.99
52;ourVehicle9;77.31;101.87;0.00;5.39
52;veh0;67.90;74.76;0.09;194.21
52;veh1;174.67;69.99;2.74;175.90
52;veh2;60.55;37.97;0.00;190.30
52;veh3;155.35;20.82;8.56;24.93
53;ourVehicle1;66.06;67.46;0.00;194.21
53;ourVehicle10;26.62;36.63;0.04;106.09
53;ourVehicle12;169.96;75.83;4.88;111.55
53;ourVehicle13;63.23;52.73;0.00;190.30
53;ourVehicle15;77.47;109.68;6.94;282.02
53;ourVehicle17;41.02;32.27;0.00;106.84
53;ourVehicle22;33.83;34.44;0.02;106.84
53;ourVehicle23;81.18;23.03;8.30;109.10
53;ourVehicle29;93.11;106.01;6.48;284.96
53;ourVehicle3;69.78;82.15;2.54;194.21
53;ourVehicle30;55.62;29.01;0.00;98.38
53;ourVehicle31;67.65;30.91;4.39;287.24
53;ourVehicle34;83.53;25.60;8.26;289.12
53;ourVehicle38;48.20;30.11;0.00;106.70
53;ourVehicle4;72.71;107.18;2.52;103.50
53;ourVehicle52;61.89;45.35;0.00;190.30
53;ourVehicle6;138.22;0.61;9.80;112.33
53;ourVehicle65;151.54;12.62;9.17;24.93
53;ourVehicle68;128.38;8.11;14.39;292.34
53;ourVehicle7;62.90;109.19;0.47;99.64
53;ourVehicle78;100.79;19.20;10.23;290.84
53;ourVehicle81;64.57;60.11;0.00;190.30
53;ourVehicle83;72.56;93.16;4.33;194.21
53;ourVehicle86;108.21;101.58;7.04;286.99
53;ourVehicle9;75.90;102.40;1.71;339.42
53;veh0;67.90;74.74;0.02;194.21
53;veh1;172.73;65.82;4.60;204.93
53;veh2;60.55;37.97;0.00;190.30
53;veh3;159.06;28.81;8.82;24.93
54;ourVehicle1;66.05;67.46;0.00;194.21
54;ourVehicle10;26.65;36.62;0.03;106.11
54;ourVehicle12;174.75;73.92;5.15;111.73
54;ourVehicle13;63.23;52.73;0.00;190.30
54;ourVehicle15;69.02;111.40;8.62;281.09
54;ourVehicle17;41.02;32.27;0.00;106.84
54;ourVehicle22;33.84;34.44;0.01;106.84
54;ourVehicle23;90.50;19.70;9.90;110.26
54;ourVehicle29;86.25;107.78;7.08;284.46
54;ourVehicle3;69.75;82.07;0.09;194.21
54;ourVehicle30;55.62;29.01;0.00;98.38
54;ourVehicle31;61.22;31.92;6.53;277.66
54;ourVehicle34;77.22;27.79;6.68;289.12
54;ourVehicle38;48.20;30.11;0.00;106.70
54;ourVehicle4;72.71;107.18;0.00;103.50
54;ourVehicle52;61.89;45.35;0.00;190.30
54;ourVehicle6;146.97;2.79;10.68;43.99
54;ourVehicle65;155.36;20.83;9.05;24.93
54;ourVehicle68;116.33;13.06;13.03;292.34
54;ourVehicle7;64.95;108.84;2.08;99.64
54;ourVehicle78;92.38;22.40;9.00;290.84
54;ourVehicle80;143.75;3.45;15.00;204.93
54;ourVehicle81;64.57;60.11;0.00;190.30
54;ourVehicle83;71.78;90.08;3.17;194.21
54;ourVehicle86;101.77;103.55;6.73;286.99
54;ourVehicle9;74.84;101.57;1.36;298.93
54;veh0;67.90;74.74;0.01;194.21
54;veh1;169.78;59.46;7.01;204.93
54;veh2;60.55;37.97;0.00;190.30
54;veh3;162.65;36.52;8.50;24.93
55;ourVehicle1;66.05;67.46;0.00;194.21
55;ourVehicle10;26.65;36.62;0.00;106.12
55;ourVehicle12;174.01;68.56;6.17;199.21
55;ourVehicle13;63.23;52.73;0.00;190.30
55;ourVehicle15;59.07;113.09;10.09;279.64
55;ourVehicle17;41.02;32.27;0.00;106.84
55;ourVehicle22;33.84;34.44;0.00;106.84
55;ourVehicle23;101.44;15.53;11.71;110.86
55;ourVehicle29;82.59;108.29;3.71;279.67
55;ourVehicle3;69.74;82.03;0.04;194.21
55;ourVehicle30;55.62;29.01;0.00;98.38
55;ourVehicle31;53.35;32.58;7.90;276.36
55;ourVehicle34;70.56;30.01;7.03;288.14
55;ourVehicle38;48.20;30.11;0.00;106.70
55;ourVehicle4;72.71;107.18;0.00;103.50
55;ourVehicle40;66.58;27.89;15.00;99.39
55;ourVehicle52;61.89;45.35;0.00;190.30
55;ourVehicle6;151.02;11.51;9.62;24.93
55;ourVehicle65;158.87;28.39;8.33;24.93
55;ourVehicle68;106.12;17.18;11.01;291.50
55;ourVehicle7;65.33;108.77;0.39;99.64
55;ourVehicle78;85.78;24.82;7.03;289.84
55;ourVehicle80;131.07;7.00;13.98;292.34
55;ourVehicle81;64.57;60.11;0.00;190.30
55;ourVehicle83;71.67;89.65;0.45;194.21
55;ourVehicle86;95.47;105.40;6.57;286.20
55;ourVehicle9;73.87;98.33;3.42;208.57
55;veh0;67.90;74.74;0.00;194.21
55;veh1;166.84;53.14;6.97;204.93
55;veh2;60.55;37.97;0.00;190.30
55;veh3;165.95;43.62;7.83;24.93
56;ourVehicle1;66.05;67.46;0.00;194.21
56;ourVehicle10;26.66;36.62;0.00;106.12
56;ourVehicle12;170.67;61.38;7.92;204.93
56;ourVehicle13;63.23;52.73;0.00;190.30
56;ourVehicle15;47.17;115.11;12.07;279.64
56;ourVehicle17;41.02;32.27;0.00;106.84
56;ourVehicle22;33.84;34.44;0.00;106.84
56;ourVehicle23;114.07;10.52;13.59;112.33
56;ourVehicle29;81.29;108.32;1.32;276.20
56;ourVehicle3;69.74;82.02;0.01;194.21
56;ourVehicle30;55.62;29.01;0.00;98.38
56;ourVehicle31;43.23;34.95;10.42;286.84
56;ourVehicle34;68.14;30.76;2.53;287.24
56;ourVehicle38;48.20;30.11;0.00;106.70
56;ourVehicle4;74.32;105.74;2.17;117.41
56;ourVehicle40;79.84;23.50;13.98;109.10
56;ourVehicle52;61.89;45.35;0.00;190.30
56;ourVehicle6;154.69;19.40;8.71;24.93
56;ourVehicle65;162.46;36.12;8.52;24.93
56;ourVehicle68;97.14;20.60;9.61;290.84
56;ourVehicle7;65.39;108.76;0.06;99.64
56;ourVehicle78;78.83;27.23;7.36;289.12
56;ourVehicle80;118.41;12.21;13.69;292.34
56;ourVehicle81;64.57;60.11;0.00;190.30
56;ourVehicle83;71.60;89.35;0.31;194.21
56;ourVehicle86;91.47;106.43;4.13;284.46
56;ourVehicle9;73.68;97.58;0.77;201.23
56;veh0;67.90;74.74;0.00;194.21
56;veh1;164.06;47.15;6.61;204.93
56;veh2;60.55;37.97;0.00;190.30
56;veh3;169.57;51.42;8.60;24.93
57;ourVehicle1;66.05;67.46;0.00;194.21
57;ourVehicle10;26.66;36.62;0.00;106.12
57;ourVehicle12;168.00;55.62;6.34;204.93
57;ourVehicle13;63.23;52.73;0.00;190.30
57;ourVehicle17;41.02;32.27;0.00;106.84
57;ourVehicle22;33.84;34.44;0.00;106.84
57;ourVehicle23;128.29;4.68;15.37;112.33
57;ourVehicle29;81.22;108.30;0.07;275.73
57;ourVehicle3;69.74;82.01;0.01;194.21
57;ourVehicle30;55.62;29.01;0.00;98.38
57;ourVehicle31;31.20;38.59;12.57;286.84
57;ourVehicle34;63.82;31.72;4.43;283.11
57;ourVehicle35;70.95;111.07;15.00;282.02
57;ourVehicle38;48.20;30.11;0.00;106.70
57;ourVehicle4;74.58;104.95;0.83;126.94
57;ourVehicle40;93.25;18.65;14.25;110.86
57;ourVehicle52;61.89;45.35;0.00;190.30
57;ourVehicle6;158.14;26.83;8.18;24.93
57;ourVehicle65;165.89;43.51;8.15;24.93
57;ourVehicle68;88.95;23.71;8.76;290.84
57;ourVehicle7;67.28;108.44;1.91;99.64
57;ourVehicle78;75.86;28.26;3.15;289.12
57;ourVehicle80;108.49;16.27;10.71;292.27
57;ourVehicle81;64.57;60.11;0.00;190.30
57;ourVehicle83;71.59;89.31;0.04;194.21
57;ourVehicle86;89.02;107.06;2.53;284.46
57;ourVehicle9;73.55;97.04;0.56;197.47
57;veh0;67.90;74.74;0.00;194.21
57;veh1;160.91;40.36;7.48;204.93
57;veh2;60.55;37.97;0.00;190.30
57;veh3;173.34;59.53;8.94;24.93
58;ourVehicle1;66.05;67.46;0.00;194.21
58;ourVehicle10;26.66;36.61;0.00;106.12
58;ourVehicle12;164.76;48.66;7.68;204.93
58;ourVehicle13;63.23;52.73;0.00;190.30
58;ourVehicle17;41.02;32.27;0.00;106.84
58;ourVehicle22;33.84;34.44;0.00;106.84
58;ourVehicle23;144.79;-0.14;17.71;89.94
58;ourVehicle29;81.20;108.29;0.02;275.61
58;ourVehicle3;69.74;82.01;0.00;194.21
58;ourVehicle30;55.62;29.01;0.00;98.38
58;ourVehicle31;16.99;42.45;14.73;283.28
58;ourVehicle34;57.29;32.12;6.54;273.17
58;ourVehicle35;56.35;113.55;14.81;279.64
58;ourVehicle38;48.20;30.11;0.00;106.70
58;ourVehicle4;74.75;104.42;0.56;133.21
58;ourVehicle40;107.24;13.32;14.97;110.86
58;ourVehicle52;61.89;45.35;0.00;190.30
58;ourVehicle6;161.99;35.11;9.13;24.93
58;ourVehicle65;169.44;51.13;8.41;24.93
58;ourVehicle68;84.03;25.43;5.22;289.20
58;ourVehicle78;71.45;29.73;4.65;288.50
58;ourVehicle80;98.86;19.94;10.30;290.84
58;ourVehicle81;64.57;60.11;0.00;190.30
58;ourVehicle83;71.58;89.28;0.02;194.21
58;ourVehicle86;88.71;107.14;0.32;284.46
58;ourVehicle9;73.46;96.70;0.35;195.20
58;ourVehicle92;66.58;27.89;15.00;99.39
58;veh0;67.90;74.74;0.00;194.21
58;veh1;157.71;33.48;7.59;204.93
58;veh2;60.55;37.97;0.00;190.30
58;veh3;176.83;67.03;8.27;24.93
59;ourVehicle1;66.05;67.46;0.00;194.21
59;ourVehicle10;26.66;36.61;0.00;106.12
59;ourVehicle12;161.38;41.38;8.03;204.93
59;ourVehicle13;63.23;52.73;0.00;190.30
59;ourVehicle17;41.02;32.27;0.00;106.84
59;ourVehicle22;33.84;34.44;0.00;106.84
59;ourVehicle23;151.90;13.39;15.40;24.93
59;ourVehicle26;67.53;30.95;15.00;287.24
59;ourVehicle29;81.20;108.29;0.00;275.61
59;ourVehicle3;69.74;82.01;0.00;194.21
59;ourVehicle30;55.62;29.01;0.00;98.38
59;ourVehicle31;6.25;44.98;11.04;283.28
59;ourVehicle34;48.70;33.30;8.67;278.71
59;ourVehicle35;45.48;115.40;11.03;279.64
59;ourVehicle38;48.20;30.11;0.00;106.70
59;ourVehicle4;74.86;104.06;0.37;137.36
59;ourVehicle40;120.89;7.72;14.75;112.33
59;ourVehicle52;61.89;45.35;0.00;190.30
59;ourVehicle6;165.79;43.28;9.01;24.93
59;ourVehicle65;173.05;58.91;8.58;24.93
59;ourVehicle68;79.67;26.94;4.62;289.12
59;ourVehicle80;93.05;22.15;6.22;290.84
59;ourVehicle81;64.57;60.11;0.00;190.30
59;ourVehicle83;71.58;89.28;0.00;194.21
59;ourVehicle86;88.58;107.18;0.14;284.46
59;ourVehicle9;73.43;96.58;0.12;194.40
59;ourVehicle92;79.75;23.53;13.88;109.10
59;veh0;67.90;74.73;0.00;194.21
59;veh1;154.94;27.53;6.56;204.93
59;veh2;60.55;37.97;0.00;190.30
59;veh3;179.02;72.92;6.33;19.25
60;ourVehicle1;66.05;67.46;0.00;194.21
60;ourVehicle10;26.66;36.61;0.00;106.12
60;ourVehicle12;158.47;35.12;6.90;204.93
60;ourVehicle13;63.23;52.73;0.00;190.30
60;ourVehicle17;41.02;32.27;0.00;106.84
60;ourVehicle22;33.84;34.44;0.00;106.84
60;ourVehicle23;157.46;25.37;13.21;24.93
60;ourVehicle26;64.85;43.77;14.83;10.30
60;ourVehicle29;81.20;108.29;0.00;275.61
60;ourVehicle3;69.74;82.01;0.00;194.21
60;ourVehicle30;55.62;29.01;0.00;98.38
60;ourVehicle31;-0.09;46.20;6.54;280.07
60;ourVehicle34;38.95;36.25;10.19;286.84
60;ourVehicle35;39.04;116.49;6.53;279.64
60;ourVehicle38;48.20;30.11;0.00;106.70
60;ourVehicle4;74.89;103.97;0.10;138.49
60;ourVehicle40;133.76;2.44;13.92;112.33
60;ourVehicle52;61.89;45.35;0.00;190.30
60;ourVehicle6;169.41;51.08;8.60;24.93
60;ourVehicle65;175.82;64.86;6.55;24.93
60;ourVehicle68;73.02;29.25;7.03;289.11
60;ourVehicle80;88.41;23.91;4.96;290.79
60;ourVehicle81;64.57;60.11;0.00;190.30
60;ourVehicle83;71.58;89.28;0.00;194.21
60;ourVehicle86;88.57;107.18;0.01;284.46
60;ourVehicle9;73.42;96.56;0.02;194.27
60;ourVehicle92;93.67;18.49;14.80;110.86
60;veh0;67.90;74.73;0.00;194.21
60;veh1;151.76;20.69;7.55;204.93
60;veh2;60.55;37.97;0.00;190.30
60;veh3;175.57;77.05;5.81;314.80
61;ourVehicle1;66.05;67.46;0.00;194.21
61;ourVehicle10;26.66;36.61;0.00;106.12
61;ourVehicle12;155.47;28.68;7.10;204.93
61;ourVehicle13;63.23;52.73;0.00;190.30
61;ourVehicle17;41.02;32.27;0.00;106.84
61;ourVehicle22;33.84;34.44;0.00;106.84
61;ourVehicle23;162.38;35.96;11.68;24.93
61;ourVehicle26;67.78;59.89;16.39;10.30
61;ourVehicle29;81.15;108.28;0.05;275.31
61;ourVehicle3;69.74;82.01;0.00;194.21
61;ourVehicle30;55.62;29.01;0.00;98.38
61;ourVehicle31;1.33;42.85;5.93;142.77
61;ourVehicle34;27.83;39.61;11.62;286.84
61;ourVehicle35;37.69;113.47;6.00;186.61
61;ourVehicle38;48.20;30.11;0.00;106.70
61;ourVehicle4;74.91;103.92;0.05;139.08
61;ourVehicle40;143.79;-0.64;10.65;100.91
61;ourVehicle52;61.89;45.35;0.00;190.30
61;ourVehicle6;171.87;56.37;5.83;24.93
61;ourVehicle68;64.57;32.88;9.34;298.56
61;ourVehicle80;81.76;26.22;7.05;289.12
61;ourVehicle81;64.57;60.11;0.00;190.30
61;ourVehicle83;71.58;89.28;0.00;194.21
61;ourVehicle86;88.56;107.18;0.01;284.46
61;ourVehicle9;73.42;96.56;0.00;194.23
61;ourVehicle92;107.07;13.39;14.34;110.86
61;veh0;67.90;74.73;0.00;194.21
61;veh1;148.94;14.63;6.68;204.93
61;veh2;60.55;37.97;0.00;190.30
61;veh3;168.32;79.92;7.80;291.55
62;ourVehicle1;66.05;67.46;0.00;194.21
62;ourVehicle10;26.66;36.61;0.00;106.12
62;ourVehicle12;152.75;22.82;6.45;204.93
62;ourVehicle13;63.23;52.73;0.00;190.30
62;ourVehicle17;41.02;32.27;0.00;106.84
62;ourVehicle22;33.84;34.44;0.00;106.84
62;ourVehicle23;166.22;44.20;9.09;24.93
62;ourVehicle26;71.98;77.82;18.42;14.24
62;ourVehicle29;81.12;108.27;0.04;275.09
62;ourVehicle3;69.74;82.01;0.00;194.21
62;ourVehicle30;57.70;29.12;2.09;93.70
62;ourVehicle31;9.34;40.96;8.23;103.28
62;ourVehicle34;14.47;43.04;13.80;283.28
62;ourVehicle35;45.68;112.11;8.11;99.64
62;ourVehicle38;48.20;30.11;0.00;106.70
62;ourVehicle4;74.92;103.90;0.02;139.32
62;ourVehicle40;149.05;7.26;9.78;24.93
62;ourVehicle52;61.89;45.35;0.00;190.30
62;ourVehicle58;70.95;111.07;15.00;282.02
62;ourVehicle6;174.97;63.03;7.35;24.93
62;ourVehicle68;64.91;44.14;11.62;10.30
62;ourVehicle80;73.20;29.19;9.06;289.12
62;ourVehicle81;64.57;60.11;0.00;190.30
62;ourVehicle83;71.58;89.28;0.00;194.21
62;ourVehicle86;88.53;107.19;0.03;284.46
62;ourVehicle9;73.42;96.55;0.00;194.22
62;ourVehicle92;120.11;8.04;14.10;112.33
62;veh0;67.90;74.73;0.00;194.21
62;veh1;146.05;8.41;6.86;204.93
62;veh2;60.55;37.97;0.00;190.30
62;veh3;161.10;82.77;7.76;291.55
63;ourVehicle1;66.05;67.46;0.00;194.21
63;ourVehicle10;26.66;36.61;0.00;106.12
63;ourVehicle12;149.93;16.74;6.70;204.93
63;ourVehicle13;63.23;52.73;0.00;190.30
63;ourVehicle17;41.02;32.27;0.00;106.84
63;ourVehicle22;33.84;34.44;0.00;106.84
63;ourVehicle23;170.24;52.85;9.54;24.93
63;ourVehicle24;67.53;30.95;15.00;287.24
63;ourVehicle26;76.51;95.67;18.41;14.24
63;ourVehicle29;81.07;108.25;0.05;274.78
63;ourVehicle3;69.74;82.01;0.00;194.21
63;ourVehicle30;61.31;31.34;4.43;61.63
63;ourVehicle31;15.98;39.39;6.82;103.28
63;ourVehicle33;55.04;32.33;15.00;274.19
63;ourVehicle34;4.48;45.40;10.26;283.28
63;ourVehicle35;55.74;110.40;10.19;99.64
63;ourVehicle38;49.65;29.89;1.47;104.22
63;ourVehicle4;74.92;103.89;0.00;139.36
63;ourVehicle40;153.97;17.86;11.69;24.93
63;ourVehicle52;61.89;45.35;0.00;190.30
63;ourVehicle58;57.39;113.37;13.75;279.64
63;ourVehicle6;178.65;71.22;8.99;23.63
63;ourVehicle68;67.22;56.85;12.92;10.30
63;ourVehicle81;64.57;60.11;0.00;190.30
63;ourVehicle83;71.58;89.28;0.00;194.21
63;ourVehicle86;88.50;107.20;0.03;284.46
63;ourVehicle9;73.42;96.55;0.00;194.21
63;ourVehicle92;133.83;2.41;14.83;112.33
63;veh0;67.90;74.73;0.00;194.21
63;veh1;143.78;3.52;5.39;204.93
63;veh2;60.55;37.97;0.00;190.30
63;veh3;153.34;85.83;8.35;291.55
64;ourVehicle1;66.05;67.46;0.00;194.21
64;ourVehicle10;26.66;36.61;0.00;106.12
64;ourVehicle12;147.52;11.55;5.72;204.93
64;ourVehicle13;63.23;52.73;0.00;190.30
64;ourVehicle17;42.22;31.91;1.25;106.84
64;ourVehicle22;33.84;34.44;0.00;106.84
64;ourVehicle23;174.55;62.13;10.23;24.93
64;ourVehicle24;73.59;25.66;12.02;107.82
64;ourVehicle26;78.09;104.88;9.41;5.77
64;ourVehicle29;81.06;108.25;0.01;274.73
64;ourVehicle3;69.74;82.01;0.00;194.21
64;ourVehicle30;63.71;37.54;6.71;17.48
64;ourVehicle31;18.89;38.70;2.99;103.28
64;ourVehicle33;40.66;35.73;14.82;286.84
64;ourVehicle34;-1.04;45.78;5.76;272.50
64;ourVehicle35;63.94;109.01;8.32;99.64
64;ourVehicle38;52.45;29.48;2.82;99.44
64;ourVehicle4;74.92;103.89;0.00;139.42
64;ourVehicle40;159.99;30.80;14.27;24.93
64;ourVehicle45;67.53;30.95;15.00;287.24
64;ourVehicle52;61.89;45.35;0.00;190.30
64;ourVehicle58;46.35;115.25;11.20;279.64
64;ourVehicle6;172.49;78.27;10.87;293.87
64;ourVehicle68;70.37;71.51;15.00;14.24
64;ourVehicle81;64.57;60.11;0.00;190.30
64;ourVehicle83;71.58;89.28;0.00;194.21
64;ourVehicle86;88.43;107.21;0.07;284.46
64;ourVehicle9;73.42;96.55;0.00;194.21
64;ourVehicle92;143.65;-0.66;10.44;101.76
64;veh0;67.90;74.73;0.00;194.21
64;veh1;141.35;2.78;2.95;231.69
64;veh2;60.55;37.97;0.00;190.30
64;veh3;145.19;89.05;8.76;291.55
65;ourVehicle1;66.05;67.46;0.00;194.21
65;ourVehicle10;26.66;36.61;0.00;106.12
65;ourVehicle12;145.91;8.10;3.80;204.93
65;ourVehicle13;63.23;52.73;0.00;190.30
65;ourVehicle17;44.26;31.29;2.13;106.84
65;ourVehicle22;35.04;34.08;1.25;106.84
65;ourVehicle23;179.04;72.53;11.35;21.38
65;ourVehicle24;86.73;21.11;13.91;109.10
65;ourVehicle26;70.26;111.19;10.90;288.03
65;ourVehicle29;81.06;108.25;0.00;274.71
65;ourVehicle3;69.74;82.01;0.00;194.21
65;ourVehicle30;65.28;46.16;8.76;10.30
65;ourVehicle31;19.18;38.63;0.30;103.28
65;ourVehicle33;27.15;39.82;14.12;286.84
65;ourVehicle34;2.82;42.50;6.41;116.24
65;ourVehicle35;68.19;108.29;4.31;99.64
65;ourVehicle38;57.19;29.09;4.78;94.91
65;ourVehicle4;74.92;103.89;0.00;139.46
65;ourVehicle40;166.13;44.01;14.58;24.93
65;ourVehicle52;61.89;45.35;0.00;190.30
65;ourVehicle58;38.74;116.54;7.71;279.64
65;ourVehicle6;160.38;83.05;13.03;291.55
65;ourVehicle68;73.94;85.57;14.51;14.24
65;ourVehicle70;67.53;30.95;15.00;287.24
65;ourVehicle81;64.57;60.11;0.00;190.30
65;ourVehicle83;71.58;89.28;0.00;194.21
65;ourVehicle86;88.43;107.22;0.01;284.46
65;ourVehicle9;73.42;96.55;0.00;194.21
65;ourVehicle92;149.13;7.43;10.11;24.93
65;veh0;67.90;74.73;0.00;194.21
65;veh1;137.34;4.43;4.34;291.87
65;veh2;60.55;37.97;0.00;190.30
65;veh3;136.95;92.30;8.86;291.55
66;ourVehicle1;66.05;67.46;0.00;194.21
66;ourVehicle10;27.84;36.26;1.24;106.84
66;ourVehicle12;144.15;4.31;4.18;204.93
66;ourVehicle13;63.23;52.73;0.00;190.30
66;ourVehicle17;48.76;30.03;4.68;105.75
66;ourVehicle22;36.76;33.56;1.81;106.84
66;ourVehicle23;169.54;79.43;12.68;291.55
66;ourVehicle24;101.18;15.63;15.45;110.86
66;ourVehicle26;57.90;113.29;12.54;279.64
66;ourVehicle29;81.06;108.25;0.00;274.68
66;ourVehicle3;69.74;82.01;0.00;194.21
66;ourVehicle30;67.29;57.22;11.25;10.30
66;ourVehicle31;19.40;38.58;0.22;103.28
66;ourVehicle33;14.16;43.12;13.40;283.28
66;ourVehicle34;9.31;40.96;6.67;103.28
66;ourVehicle35;69.44;108.07;1.27;99.64
66;ourVehicle38;62.47;33.19;7.12;42.09
66;ourVehicle4;74.92;103.89;0.00;139.47
66;ourVehicle40;171.93;56.49;13.76;24.93
66;ourVehicle52;61.89;45.35;0.00;190.30
66;ourVehicle56;55.04;32.33;15.00;274.19
66;ourVehicle58;38.23;113.38;6.25;167.50
66;ourVehicle6;150.26;87.05;10.88;291.55
66;ourVehicle68;76.41;95.28;10.01;14.24
66;ourVehicle70;75.64;24.95;14.19;108.65
66;ourVehicle81;64.57;60.11;0.00;190.30
66;ourVehicle83;71.58;89.28;0.00;194.21
66;ourVehicle86;88.42;107.22;0.00;284.46
66;ourVehicle9;73.42;96.55;0.00;194.21
66;ourVehicle92;154.24;18.44;12.13;24.93
66;veh0;67.90;74.73;0.00;194.21
66;veh1;131.11;6.99;6.74;292.34
66;veh2;60.55;37.97;0.00;190.30
66;veh3;129.39;95.11;8.07;289.60
67;ourVehicle1;66.05;67.46;0.00;194.21
67;ourVehicle10;28.73;35.99;0.93;106.84
67;ourVehicle12;138.80;3.83;6.57;281.11
67;ourVehicle13;63.23;52.73;0.00;190.30
67;ourVehicle17;55.49;29.03;6.80;98.38
67;ourVehicle22;39.96;32.59;3.34;106.84
67;ourVehicle23;158.83;83.66;11.52;291.55
67;ourVehicle24;117.22;9.23;17.27;112.33
67;ourVehicle26;44.22;115.61;13.87;279.64
67;ourVehicle29;81.06;108.25;0.00;274.68
67;ourVehicle3;69.74;82.01;0.00;194.21
67;ourVehicle30;69.93;69.77;12.83;14.24
67;ourVehicle31;20.14;38.41;0.76;103.28
67;ourVehicle33;4.02;45.51;10.43;283.28
67;ourVehicle34;11.96;40.34;2.72;103.28
67;ourVehicle35;69.44;108.07;0.00;99.64
67;ourVehicle38;64.50;41.87;8.93;10.69
67;ourVehicle4;74.92;103.89;0.00;139.47
67;ourVehicle40;178.19;69.97;14.87;24.93
67;ourVehicle52;61.89;45.35;0.00;190.30
67;ourVehicle56;40.88;35.66;14.59;286.84
67;ourVehicle58;46.08;112.04;7.96;99.64
67;ourVehicle6;140.54;90.89;10.45;291.55
67;ourVehicle68;77.76;100.62;5.51;14.22
67;ourVehicle70;90.93;19.54;16.23;110.42
67;ourVehicle81;64.57;60.11;0.00;190.30
67;ourVehicle83;71.58;89.28;0.00;194.21
67;ourVehicle86;88.42;107.22;0.00;284.46
67;ourVehicle9;73.42;96.55;0.00;194.21
67;ourVehicle92;160.15;31.14;14.01;24.93
67;veh0;67.90;74.73;0.00;194.21
67;veh1;124.92;9.53;6.69;292.34
67;veh2;60.55;37.97;0.00;190.30
67;veh3;121.24;97.60;8.53;286.99
68;ourVehicle1;66.05;67.46;0.00;194.21
68;ourVehicle10;30.92;35.33;2.29;106.84
68;ourVehicle12;133.18;6.14;6.07;292.34
68;ourVehicle13;63.23;52.73;0.00;190.30
68;ourVehicle17;63.94;28.50;8.48;92.52
68;ourVehicle22;45.20;31.00;5.47;106.84
68;ourVehicle23;148.98;87.56;10.60;291.55
68;ourVehicle24;134.45;2.15;18.62;112.33
68;ourVehicle29;81.06;108.25;0.00;274.68
68;ourVehicle3;69.74;82.01;0.00;194.21
68;ourVehicle30;72.89;81.42;12.02;14.24
68;ourVehicle31;21.25;38.15;1.15;103.28
68;ourVehicle33;-1.46;45.30;5.93;264.67
68;ourVehicle34;12.78;40.15;0.84;103.28
68;ourVehicle35;69.44;108.07;0.00;99.64
68;ourVehicle37;67.53;30.95;15.00;287.24
68;ourVehicle38;66.52;52.95;11.26;10.30
68;ourVehicle4;74.92;103.89;0.00;139.47
68;ourVehicle40;174.20;77.59;10.37;301.57
68;ourVehicle52;61.89;45.35;0.00;190.30
68;ourVehicle56;27.22;39.80;14.27;286.84
68;ourVehicle58;54.89;110.55;8.94;99.64
68;ourVehicle6;131.53;94.44;9.68;291.55
68;ourVehicle68;77.28;107.36;6.91;352.04
68;ourVehicle70;106.85;13.47;17.04;110.86
68;ourVehicle81;64.57;60.11;0.00;190.30
68;ourVehicle83;71.58;89.28;0.00;194.21
68;ourVehicle86;88.42;107.22;0.00;284.46
68;ourVehicle9;73.42;96.55;0.00;194.21
68;ourVehicle92;166.05;43.85;14.01;24.93
68;veh0;67.90;74.73;0.00;194.21
68;veh1;117.75;12.48;7.75;292.34
68;veh2;60.55;37.97;0.00;190.30
68;veh3;113.68;99.91;7.90;286.99
69;ourVehicle1;66.05;67.46;0.00;194.21
69;ourVehicle10;35.52;33.93;4.81;106.84
69;ourVehicle12;126.30;8.96;7.44;292.34
69;ourVehicle13;63.23;52.73;0.00;190.30
69;ourVehicle17;74.48;25.35;11.01;108.18
69;ourVehicle22;52.11;29.53;7.08;100.02
69;ourVehicle23;140.42;90.93;9.20;291.55
69;ourVehicle29;81.06;108.25;0.00;274.68
69;ourVehicle3;69.74;82.01;0.00;194.21
69;ourVehicle30;75.69;92.44;11.37;14.24
69;ourVehicle31;23.52;37.56;2.34;103.79
69;ourVehicle33;2.38;42.60;5.32;121.78
69;ourVehicle34;13.71;39.92;0.96;103.28
69;ourVehicle35;69.44;108.07;0.00;99.64
69;ourVehicle37;53.90;32.50;13.74;275.69
69;ourVehicle38;68.94;65.86;13.14;11.21
69;ourVehicle4;74.92;103.89;0.00;139.47
69;ourVehicle40;163.24;81.92;11.79;291.55
69;ourVehicle52;61.89;45.35;0.00;190.30
69;ourVehicle56;15.33;42.84;12.28;283.28
69;ourVehicle58;60.42;109.61;5.61;99.64
69;ourVehicle6;123.20;97.00;8.71;286.99
69;ourVehicle68;69.79;111.27;8.77;285.91
69;ourVehicle70;123.63;6.60;18.13;112.33
69;ourVehicle81;64.57;60.11;0.00;190.30
69;ourVehicle83;71.58;89.28;0.00;194.21
69;ourVehicle86;88.42;107.22;0.00;284.46
69;ourVehicle9;73.42;96.55;0.00;194.21
69;ourVehicle92;172.03;56.71;14.19;24.93
69;veh0;67.90;74.73;0.00;194.21
69;veh1;110.82;15.32;7.49;292.34
69;veh2;60.55;37.97;0.00;190.30
69;veh3;105.08;102.53;8.99;286.99
70;ourVehicle1;66.05;67.46;0.00;194.21
70;ourVehicle10;41.91;32.00;6.68;106.84
70;ourVehicle12;119.64;11.70;7.21;292.34
70;ourVehicle13;63.23;52.73;0.00;190.30
70;ourVehicle17;86.13;21.32;12.32;109.10
70;ourVehicle22;60.42;30.34;8.69;74.02
70;ourVehicle23;132.09;94.22;8.96;291.55
70;ourVehicle29;81.06;108.25;0.00;274.68
70;ourVehicle3;69.74;82.01;0.00;194.21
70;ourVehicle30;78.60;102.70;10.68;17.74
70;ourVehicle31;27.03;36.50;3.67;106.40
70;ourVehicle33;5.81;41.79;3.52;103.28
70;ourVehicle34;15.72;39.45;2.06;103.28
70;ourVehicle35;69.44;108.07;0.00;99.64
70;ourVehicle37;39.52;36.08;14.86;286.84
70;ourVehicle38;72.08;78.21;12.74;14.24
70;ourVehicle4;74.92;103.89;0.00;139.47
70;ourVehicle40;153.25;85.87;10.74;291.55
70;ourVehicle52;61.89;45.35;0.00;190.30
70;ourVehicle56;6.67;44.88;8.89;283.28
70;ourVehicle58;61.52;109.42;1.11;99.64
70;ourVehicle6;113.96;99.82;9.66;286.99
70;ourVehicle68;59.46;113.02;10.48;279.64
70;ourVehicle70;142.86;-0.76;20.66;106.57
70;ourVehicle81;64.57;60.11;0.00;190.30
70;ourVehicle83;71.58;89.28;0.00;194.21
70;ourVehicle86;88.42;107.22;0.00;284.46
70;ourVehicle9;73.42;96.55;0.00;194.21
70;ourVehicle92;178.06;69.68;14.30;24.93
70;veh0;67.90;74.73;0.00;194.21
70;veh1;103.75;18.08;7.58;290.84
70;veh2;60.55;37.97;0.00;190.30
70;veh3;99.25;104.32;6.10;286.99
71;ourVehicle1;66.05;67.46;0.00;194.21
71;ourVehicle10;50.46;29.77;8.85;102.84
71;ourVehicle12;111.83;14.91;8.44;292.34
71;ourVehicle13;63.23;52.73;0.00;190.30
71;ourVehicle17;99.76;16.17;14.58;110.86
71;ourVehicle22;64.06;39.47;10.05;13.33
71;ourVehicle23;122.79;97.12;9.74;286.99
71;ourVehicle29;81.06;108.25;0.00;274.68
71;ourVehicle3;69.74;82.01;0.00;194.21
71;ourVehicle30;88.12;103.99;10.59;102.09
71;ourVehicle31;32.00;35.00;5.18;106.84
71;ourVehicle33;8.42;41.18;2.67;103.28
71;ourVehicle34;18.64;38.76;2.99;103.28
71;ourVehicle35;69.44;108.07;0.00;99.64
71;ourVehicle37;26.19;40.11;13.93;286.84
71;ourVehicle38;75.24;90.70;12.88;14.24
71;ourVehicle4;74.92;103.89;0.00;139.47
71;ourVehicle40;143.10;89.87;10.91;291.55
71;ourVehicle52;61.89;45.35;0.00;190.30
71;ourVehicle56;0.91;46.24;5.92;283.28
71;ourVehicle58;61.89;109.36;0.38;99.64
71;ourVehicle6;107.62;101.76;6.63;286.99
71;ourVehicle61;55.04;32.33;15.00;274.19
71;ourVehicle68;46.58;115.21;13.06;279.64
71;ourVehicle70;153.86;17.61;22.14;24.93
71;ourVehicle81;64.57;60.11;0.00;190.30
71;ourVehicle83;71.58;89.28;0.00;194.21
71;ourVehicle86;88.42;107.22;0.00;284.46
71;ourVehicle9;73.42;96.55;0.00;194.21
71;ourVehicle92;174.72;77.39;10.13;305.12
71;veh0;67.90;74.73;0.00;194.21
71;veh1;96.66;20.78;7.59;290.84
71;veh2;60.55;37.97;0.00;190.30
71;veh3;96.60;105.11;2.77;286.79
72;ourVehicle1;66.05;67.46;0.00;194.21
72;ourVehicle10;61.62;28.71;11.23;92.43
72;ourVehicle12;104.34;17.85;8.05;290.93
72;ourVehicle13;63.23;52.73;0.00;190.30
72;ourVehicle17;112.69;11.09;13.89;112.33
72;ourVehicle22;66.20;51.20;11.92;10.30
72;ourVehicle23;116.55;99.03;6.53;286.99
72;ourVehicle29;81.06;108.25;0.00;274.68
72;ourVehicle3;69.74;82.01;0.00;194.21
72;ourVehicle30;100.02;100.74;12.34;106.52
72;ourVehicle31;38.30;33.09;6.58;106.84
72;ourVehicle33;10.50;40.68;2.14;103.28
72;ourVehicle34;22.85;37.77;4.33;103.29
72;ourVehicle35;69.44;108.07;0.00;99.64
72;ourVehicle37;15.61;42.77;10.92;283.28
72;ourVehicle38;78.08;103.67;13.30;9.17
72;ourVehicle4;74.92;103.89;0.00;139.47
72;ourVehicle40;133.51;93.66;10.32;291.55
72;ourVehicle52;61.89;45.35;0.00;190.30
72;ourVehicle56;-0.26;43.22;5.34;195.16
72;ourVehicle58;61.99;109.34;0.10;99.64
72;ourVehicle6;103.97;102.88;3.82;286.99
72;ourVehicle61;41.69;35.42;13.74;286.84
72;ourVehicle68;38.02;116.66;8.68;279.64
72;ourVehicle70;162.85;36.95;21.33;24.93
72;ourVehicle81;64.57;60.11;0.00;190.30
72;ourVehicle83;71.58;89.28;0.00;194.21
72;ourVehicle86;88.42;107.22;0.00;284.46
72;ourVehicle9;73.42;96.55;0.00;194.21
72;ourVehicle92;163.94;81.65;11.59;291.55
72;veh0;67.90;74.73;0.00;194.21
72;veh1;90.42;23.15;6.67;290.84
72;veh2;60.55;37.97;0.00;190.30
72;veh3;95.73;105.33;0.91;286.34
73;ourVehicle1;66.05;67.46;0.00;194.21
73;ourVehicle10;74.01;25.52;12.84;107.99
73;ourVehicle12;98.03;20.26;6.75;290.84
73;ourVehicle13;63.23;52.73;0.00;190.30
73;ourVehicle17;126.48;5.43;14.90;112.33
73;ourVehicle20;55.72;29.00;15.00;98.38
73;ourVehicle22;68.81;65.35;14.39;10.79
73;ourVehicle23;112.89;100.15;3.83;286.99
73;ourVehicle29;81.06;108.25;0.00;274.68
73;ourVehicle3;69.74;82.01;0.00;194.21
73;ourVehicle30;114.11;96.43;14.73;106.99
73;ourVehicle31;46.60;30.58;8.67;106.84
73;ourVehicle33;14.06;39.84;3.66;103.28
73;ourVehicle34;28.43;36.08;5.83;106.84
73;ourVehicle35;69.44;108.07;0.00;99.64
73;ourVehicle37;7.76;44.63;8.06;283.28
73;ourVehicle38;68.61;111.47;13.81;283.95
73;ourVehicle4;74.92;103.89;0.00;139.47
73;ourVehicle40;126.18;96.09;7.73;286.99
73;ourVehicle52;61.89;45.35;0.00;190.30
73;ourVehicle56;3.13;42.42;3.48;112.63
73;ourVehicle58;62.03;109.33;0.03;99.64
73;ourVehicle6;102.97;103.18;1.05;286.99
73;ourVehicle61;29.12;39.22;13.14;286.84
73;ourVehicle68;38.66;113.30;5.95;153.32
73;ourVehicle70;171.30;55.15;20.07;24.93
73;ourVehicle81;64.57;60.11;0.00;190.30
73;ourVehicle83;71.58;89.28;0.00;194.21
73;ourVehicle86;88.42;107.22;0.00;284.46
73;ourVehicle9;73.42;96.55;0.00;194.21
73;ourVehicle92;151.94;86.38;12.90;291.55
73;veh0;67.90;74.73;0.00;194.21
73;veh1;84.00;25.44;6.83;289.19
73;veh2;60.55;37.97;0.00;190.30
73;veh3;95.69;105.34;0.03;286.32
74;ourVehicle1;66.05;67.46;0.00;194.21
74;ourVehicle10;87.35;20.90;14.12;109.10
74;ourVehicle12;92.26;22.45;6.17;290.84
74;ourVehicle13;63.23;52.73;0.00;190.30
74;ourVehicle17;139.89;-0.08;14.50;112.33
74;ourVehicle20;63.90;38.54;14.14;14.35
74;ourVehicle22;72.21;78.73;13.80;14.24
74;ourVehicle23;111.30;100.64;1.66;286.99
74;ourVehicle29;81.06;108.25;0.00;274.68
74;ourVehicle3;69.74;82.01;0.00;194.21
74;ourVehicle30;127.24;92.42;13.73;106.99
74;ourVehicle32;77.76;100.61;15.00;14.24
74;ourVehicle33;19.43;38.58;5.52;103.28
74;ourVehicle34;35.38;33.98;7.26;106.84
74;ourVehicle35;69.44;108.07;0.00;99.64
74;ourVehicle38;55.48;113.70;13.32;279.64
74;ourVehicle4;74.92;103.89;0.00;139.47
74;ourVehicle40;121.16;97.62;5.25;286.99
74;ourVehicle52;61.89;45.35;0.00;190.30
74;ourVehicle56;6.47;41.63;3.43;103.28
74;ourVehicle58;62.05;109.33;0.02;99.64
74;ourVehicle6;102.90;103.20;0.07;286.99
74;ourVehicle61;19.43;41.87;10.05;283.73
74;ourVehicle68;46.60;111.95;8.05;99.64
74;ourVehicle70;179.03;72.49;19.00;21.46
74;ourVehicle81;64.57;60.11;0.00;190.30
74;ourVehicle83;71.58;89.28;0.00;194.21
74;ourVehicle86;88.42;107.22;0.00;284.46
74;ourVehicle9;73.42;96.55;0.00;194.21
74;ourVehicle92;141.72;90.42;10.99;291.55
74;veh0;67.90;74.73;0.00;194.21
74;veh1;76.87;27.91;7.55;289.12
74;veh2;60.55;37.97;0.00;190.30
74;veh3;95.69;105.34;0.01;286.31
75;ourVehicle1;66.05;67.46;0.00;194.21
75;ourVehicle10;101.27;15.60;14.89;110.86
75;ourVehicle12;85.36;24.97;7.35;289.68
75;ourVehicle13;63.23;52.73;0.00;190.30
75;ourVehicle17;147.75;4.46;10.73;30.31
75;ourVehicle20;66.60;53.41;15.11;10.30
75;ourVehicle22;75.87;93.17;14.90;14.24
75;ourVehicle23;110.51;100.88;0.83;286.99
75;ourVehicle28;55.72;29.00;15.00;98.38
75;ourVehicle29;81.06;108.25;0.00;274.68
75;ourVehicle3;69.74;82.01;0.00;194.21
75;ourVehicle30;140.95;87.28;14.65;111.55
75;ourVehicle32;90.00;103.51;14.78;104.45
75;ourVehicle33;26.92;36.54;7.76;106.31
75;ourVehicle34;43.80;31.43;8.80;106.84
75;ourVehicle35;69.44;108.07;0.00;99.64
75;ourVehicle38;45.25;115.43;10.37;279.64
75;ourVehicle4;74.92;103.89;0.00;139.47
75;ourVehicle40;119.08;98.26;2.18;286.99
75;ourVehicle52;61.89;45.35;0.00;190.30
75;ourVehicle56;11.98;40.34;5.65;103.28
75;ourVehicle58;62.05;109.33;0.00;99.64
75;ourVehicle6;102.87;103.21;0.02;286.99
75;ourVehicle61;8.27;44.51;11.47;283.28
75;ourVehicle68;52.23;111.00;5.72;99.64
75;ourVehicle70;165.26;81.13;17.33;291.55
75;ourVehicle81;64.57;60.11;0.00;190.30
75;ourVehicle83;71.58;89.28;0.00;194.21
75;ourVehicle86;88.42;107.22;0.00;284.46
75;ourVehicle9;73.42;96.55;0.00;194.21
75;ourVehicle92;133.06;93.84;9.31;291.55
75;veh0;67.90;74.73;0.00;194.21
75;veh1;70.24;30.11;6.98;288.02
75;veh2;60.55;37.97;0.00;190.30
75;veh3;95.68;105.34;0.00;286.31
76;ourVehicle1;66.05;67.46;0.00;194.21
76;ourVehicle10;114.67;10.28;14.42;112.33
76;ourVehicle12;78.68;27.29;7.07;289.12
76;ourVehicle13;63.23;52.73;0.00;190.30
76;ourVehicle17;153.13;16.04;12.77;24.93
76;ourVehicle20;69.71;68.87;15.77;13.65
76;ourVehicle22;79.30;103.60;11.08;23.05
76;ourVehicle23;110.12;101.00;0.41;286.99
76;ourVehicle28;63.83;38.18;13.77;14.75
76;ourVehicle29;81.06;108.25;0.00;274.68
76;ourVehicle3;69.74;82.01;0.00;194.21
76;ourVehicle30;153.71;82.25;13.72;111.55
76;ourVehicle32;105.78;98.98;16.42;106.99
76;ourVehicle33;35.24;34.02;8.69;106.84
76;ourVehicle34;54.13;29.23;10.59;98.38
76;ourVehicle35;69.44;108.07;0.00;99.64
76;ourVehicle38;38.30;116.62;7.05;279.64
76;ourVehicle4;74.92;103.89;0.00;139.47
76;ourVehicle40;117.73;98.67;1.41;286.99
76;ourVehicle52;61.89;45.35;0.00;190.30
76;ourVehicle56;19.44;38.57;7.67;103.28
76;ourVehicle58;62.05;109.33;0.00;99.64
76;ourVehicle6;102.87;103.21;0.00;286.99
76;ourVehicle61;1.27;46.16;7.19;283.28
76;ourVehicle68;54.54;110.61;2.33;99.64
76;ourVehicle70;152.48;86.17;13.74;291.55
76;ourVehicle81;64.57;60.11;0.00;190.30
76;ourVehicle83;71.58;89.28;0.00;194.21
76;ourVehicle86;88.42;107.22;0.00;284.46
76;ourVehicle9;73.42;96.55;0.00;194.21
76;ourVehicle92;128.50;95.38;4.81;288.75
76;veh0;67.90;74.73;0.00;194.21
76;veh1;63.73;31.73;6.72;282.88
76;veh2;60.55;37.97;0.00;190.30
76;veh3;95.68;105.35;0.00;286.31
77;ourVehicle1;66.05;67.46;0.00;194.21
77;ourVehicle10;127.56;4.98;13.94;112.33
77;ourVehicle12;72.16;29.51;6.89;288.77
77;ourVehicle13;63.23;52.73;0.00;190.30
77;ourVehicle17;159.35;29.43;14.76;24.93
77;ourVehicle20;73.51;83.87;15.47;14.24
77;ourVehicle22;89.40;103.66;10.76;104.31
77;ourVehicle23;110.06;101.01;0.06;286.99
77;ourVehicle28;66.70;53.98;16.05;10.30
77;ourVehicle29;81.06;108.25;0.00;274.68
77;ourVehicle3;69.74;82.01;0.00;194.21
77;ourVehicle30;165.25;77.69;12.41;111.55
77;ourVehicle32;123.89;93.44;18.94;106.99
77;ourVehicle33;44.94;31.08;10.14;106.84
77;ourVehicle35;69.44;108.07;0.00;99.64
77;ourVehicle38;38.00;113.41;5.56;175.63
77;ourVehicle4;74.92;103.89;0.00;139.47
77;ourVehicle40;117.48;98.75;0.26;286.99
77;ourVehicle50;55.72;29.00;15.00;98.38
77;ourVehicle52;61.89;45.35;0.00;190.30
77;ourVehicle56;26.72;36.59;7.55;106.17
77;ourVehicle58;62.05;109.33;0.00;99.64
77;ourVehicle6;102.87;103.21;0.00;286.99
77;ourVehicle61;0.41;43.07;6.39;171.36
77;ourVehicle68;54.63;110.59;0.09;99.64
77;ourVehicle70;143.01;89.91;10.19;291.55
77;ourVehicle81;64.57;60.11;0.00;190.30
77;ourVehicle83;71.58;89.28;0.00;194.21
77;ourVehicle86;88.42;107.22;0.00;284.46
77;ourVehicle9;73.42;96.55;0.00;194.21
77;ourVehicle92;125.73;96.22;2.90;286.99
77;veh0;67.90;74.73;0.00;194.21
77;veh1;63.73;31.73;0.00;282.88
77;veh2;60.55;37.97;0.00;190.30
77;veh3;95.68;105.35;0.00;286.31
78;ourVehicle1;66.05;67.46;0.00;194.21
78;ourVehicle12;70.99;29.88;1.23;288.31
78;ourVehicle13;63.23;52.73;0.00;190.30
78;ourVehicle17;165.48;42.62;14.55;24.93
78;ourVehicle20;77.43;99.31;15.93;14.24
78;ourVehicle22;101.30;100.35;12.36;106.99
78;ourVehicle23;110.04;101.02;0.01;286.99
78;ourVehicle28;69.83;69.36;15.71;14.05
78;ourVehicle29;81.06;108.25;0.00;274.68
78;ourVehicle3;69.74;82.01;0.00;194.21
78;ourVehicle30;174.12;74.18;9.54;111.55
78;ourVehicle32;140.90;87.30;18.10;111.55
78;ourVehicle33;51.52;29.62;6.75;101.03
78;ourVehicle35;69.44;108.07;0.00;99.64
78;ourVehicle38;44.32;112.34;6.41;99.64
78;ourVehicle4;74.92;103.89;0.00;139.47
78;ourVehicle40;117.24;98.82;0.26;286.99
78;ourVehicle50;69.76;26.91;14.28;105.81
78;ourVehicle52;61.89;45.35;0.00;190.30
78;ourVehicle56;36.25;33.71;9.95;106.84
78;ourVehicle58;62.05;109.33;0.00;99.64
78;ourVehicle6;102.87;103.21;0.00;286.99
78;ourVehicle61;9.00;41.04;8.82;103.28
78;ourVehicle68;54.65;110.59;0.02;99.64
78;ourVehicle70;136.61;92.44;6.88;291.55
78;ourVehicle81;64.57;60.11;0.00;190.30
78;ourVehicle83;71.58;89.28;0.00;194.21
78;ourVehicle86;88.42;107.22;0.00;284.46
78;ourVehicle9;73.42;96.55;0.00;194.21
78;ourVehicle92;124.95;96.46;0.82;286.99
78;veh0;67.90;74.73;0.00;194.21
78;veh1;61.61;31.90;2.13;278.37
78;veh2;60.55;37.97;0.00;190.30
78;veh3;95.68;105.35;0.00;286.31
79;ourVehicle1;66.05;67.46;0.00;194.21
79;ourVehicle12;68.50;30.65;2.60;287.33
79;ourVehicle13;63.23;52.73;0.00;190.30
79;ourVehicle17;171.64;55.87;14.60;24.93
79;ourVehicle22;114.93;96.18;14.25;106.99
79;ourVehicle23;110.04;101.02;0.00;286.99
79;ourVehicle28;73.73;84.72;15.84;14.24
79;ourVehicle29;81.06;108.25;0.00;274.68
79;ourVehicle3;69.74;82.01;0.00;194.21
79;ourVehicle30;173.95;68.42;7.00;200.47
79;ourVehicle32;154.31;82.01;14.41;111.55
79;ourVehicle33;56.86;29.07;5.39;95.70
79;ourVehicle35;69.44;108.07;0.00;99.64
79;ourVehicle38;46.40;111.99;2.10;99.64
79;ourVehicle4;74.92;103.89;0.00;139.47
79;ourVehicle40;117.22;98.82;0.02;286.99
79;ourVehicle50;83.89;22.10;14.92;109.10
79;ourVehicle52;61.89;45.35;0.00;190.30
79;ourVehicle56;42.48;31.83;6.51;106.84
79;ourVehicle58;62.05;109.33;0.00;99.64
79;ourVehicle6;102.87;103.21;0.00;286.99
79;ourVehicle61;19.77;38.50;11.07;103.28
79;ourVehicle68;54.65;110.59;0.00;99.64
79;ourVehicle70;132.99;93.87;3.89;291.55
79;ourVehicle81;64.57;60.11;0.00;190.30
79;ourVehicle83;71.58;89.28;0.00;194.21
79;ourVehicle86;88.42;107.22;0.00;284.46
79;ourVehicle9;73.42;96.55;0.00;194.21
79;ourVehicle92;124.52;96.59;0.45;286.99
79;veh0;67.90;74.73;0.00;194.21
79;veh1;58.16;32.04;3.45;273.04
79;veh2;60.55;37.97;0.00;190.30
79;veh3;95.68;105.35;0.00;286.31
80;ourVehicle1;66.05;67.46;0.00;194.21
80;ourVehicle13;63.23;52.73;0.00;190.30
80;ourVehicle17;177.64;68.77;14.23;24.93
80;ourVehicle22;129.13;91.84;14.85;106.99
80;ourVehicle23;110.04;101.02;0.00;286.99
80;ourVehicle28;77.54;99.75;15.50;14.24
80;ourVehicle29;81.06;108.25;0.00;274.68
80;ourVehicle3;69.74;82.01;0.00;194.21
80;ourVehicle30;170.38;60.76;8.45;204.93
80;ourVehicle32;165.61;77.54;12.16;111.55
80;ourVehicle33;58.02;29.14;1.16;92.95
80;ourVehicle35;69.44;108.07;0.00;99.64
80;ourVehicle38;47.11;111.87;0.73;99.64
80;ourVehicle4;74.92;103.89;0.00;139.47
80;ourVehicle40;117.22;98.83;0.00;286.99
80;ourVehicle50;96.88;17.27;13.87;110.86
80;ourVehicle52;61.89;45.35;0.00;190.30
80;ourVehicle56;48.00;30.16;5.77;106.84
80;ourVehicle58;62.05;109.33;0.00;99.64
80;ourVehicle6;102.87;103.21;0.00;286.99
80;ourVehicle61;29.14;35.86;9.74;106.84
80;ourVehicle68;54.65;110.59;0.00;99.64
80;ourVehicle70;132.00;94.26;1.06;291.55
80;ourVehicle81;64.57;60.11;0.00;190.30
80;ourVehicle83;71.58;89.28;0.00;194.21
80;ourVehicle86;88.42;107.22;0.00;284.46
80;ourVehicle9;73.42;96.55;0.00;194.21
80;ourVehicle92;124.45;96.62;0.08;286.99
80;veh0;67.90;74.73;0.00;194.21
80;veh1;53.20;32.61;5.00;276.47
80;veh2;60.55;37.97;0.00;190.30
80;veh3;95.68;105.35;0.00;286.31
81;ourVehicle1;66.05;67.46;0.00;194.21
81;ourVehicle13;63.23;52.73;0.00;190.30
81;ourVehicle22;142.00;86.87;13.80;111.55
81;ourVehicle23;110.04;101.02;0.00;286.99
81;ourVehicle28;86.86;104.31;12.43;98.95
81;ourVehicle29;81.06;108.25;0.00;274.68
81;ourVehicle3;69.74;82.01;0.00;194.21
81;ourVehicle30;166.27;51.90;9.77;204.93
81;ourVehicle32;174.00;74.23;9.02;111.55
81;ourVehicle33;60.93;30.74;3.40;69.31
81;ourVehicle35;69.44;108.07;0.00;99.64
81;ourVehicle38;47.23;111.85;0.11;99.64
81;ourVehicle4;74.92;103.89;0.00;139.47
81;ourVehicle40;117.22;98.83;0.00;286.99
81;ourVehicle50;110.81;11.86;14.94;111.90
81;ourVehicle52;61.89;45.35;0.00;190.30
81;ourVehicle56;49.98;29.85;2.01;103.65
81;ourVehicle58;62.05;109.33;0.00;99.64
81;ourVehicle6;102.87;103.21;0.00;286.99
81;ourVehicle61;36.82;33.54;8.02;106.84
81;ourVehicle68;54.65;110.59;0.00;99.64
81;ourVehicle70;131.78;94.35;0.24;291.55
81;ourVehicle81;64.57;60.11;0.00;190.30
81;ourVehicle83;71.58;89.28;0.00;194.21
81;ourVehicle86;88.42;107.22;0.00;284.46
81;ourVehicle9;73.42;96.55;0.00;194.21
81;ourVehicle92;124.40;96.63;0.05;286.99
81;veh0;67.90;74.73;0.00;194.21
81;veh1;46.15;34.07;7.21;283.15
81;veh2;60.55;37.97;0.00;190.30
81;veh3;95.68;105.35;0.00;286.31
82;ourVehicle1;66.05;67.46;0.00;194.21
82;ourVehicle13;63.23;52.73;0.00;190.30
82;ourVehicle22;155.35;81.60;14.35;111.55
82;ourVehicle23;110.04;101.02;0.00;286.99
82;ourVehicle28;101.19;100.38;14.86;106.99
82;ourVehicle29;81.06;108.25;0.00;274.68
82;ourVehicle3;69.74;82.01;0.00;194.21
82;ourVehicle30;161.27;41.15;11.86;204.93
82;ourVehicle32;173.50;67.47;8.18;204.56
82;ourVehicle33;63.23;35.74;5.55;23.88
82;ourVehicle35;69.44;108.07;0.00;99.64
82;ourVehicle38;47.24;111.84;0.02;99.64
82;ourVehicle39;77.76;100.61;15.00;14.24
82;ourVehicle4;74.92;103.89;0.00;139.47
82;ourVehicle40;117.22;98.83;0.00;286.99
82;ourVehicle50;123.86;6.50;14.10;112.33
82;ourVehicle52;61.89;45.35;0.00;190.30
82;ourVehicle56;53.18;29.37;3.23;98.38
82;ourVehicle58;62.05;109.33;0.00;99.64
82;ourVehicle6;102.87;103.21;0.00;286.99
82;ourVehicle61;40.82;32.33;4.17;106.84
82;ourVehicle68;54.65;110.59;0.00;99.64
82;ourVehicle70;131.67;94.39;0.12;291.55
82;ourVehicle81;64.57;60.11;0.00;190.30
82;ourVehicle83;71.58;89.28;0.00;194.21
82;ourVehicle86;88.42;107.22;0.00;284.46
82;ourVehicle9;73.42;96.55;0.00;194.21
82;ourVehicle92;124.39;96.63;0.01;286.99
82;veh0;67.90;74.73;0.00;194.21
82;veh1;39.18;36.18;7.28;286.84
82;veh2;60.55;37.97;0.00;190.30
82;veh3;95.68;105.35;0.00;286.31
83;ourVehicle1;66.05;67.46;0.00;194.21
83;ourVehicle13;63.23;52.73;0.00;190.30
83;ourVehicle22;166.92;77.03;12.43;111.55
83;ourVehicle23;110.04;101.02;0.00;286.99
83;ourVehicle28;115.72;95.94;15.19;106.99
83;ourVehicle29;81.06;108.25;0.00;274.68
83;ourVehicle3;69.74;82.01;0.00;194.21
83;ourVehicle30;155.41;28.54;13.91;204.93
83;ourVehicle32;169.35;58.53;9.86;204.93
83;ourVehicle33;64.74;43.19;7.61;10.30
83;ourVehicle35;69.44;108.07;0.00;99.64
83;ourVehicle38;47.25;111.84;0.01;99.64
83;ourVehicle39;89.43;103.65;14.20;104.37
83;ourVehicle4;74.92;103.89;0.00;139.47
83;ourVehicle40;117.22;98.83;0.00;286.99
83;ourVehicle50;137.31;0.98;14.54;112.33
83;ourVehicle52;61.89;45.35;0.00;190.30
83;ourVehicle56;57.91;29.13;4.76;93.22
83;ourVehicle58;62.05;109.33;0.00;99.64
83;ourVehicle6;102.87;103.21;0.00;286.99
83;ourVehicle61;44.35;31.26;3.69;106.84
83;ourVehicle68;54.65;110.59;0.00;99.64
83;ourVehicle70;131.58;94.42;0.10;291.55
83;ourVehicle81;64.57;60.11;0.00;190.30
83;ourVehicle83;71.58;89.28;0.00;194.21
83;ourVehicle86;88.42;107.22;0.00;284.46
83;ourVehicle9;73.42;96.55;0.00;194.21
83;ourVehicle92;124.39;96.63;0.00;286.99
83;veh0;67.90;74.73;0.00;194.21
83;veh1;32.75;38.12;6.72;286.84
83;veh2;60.55;37.97;0.00;190.30
83;veh3;95.68;105.35;0.00;286.31
84;ourVehicle1;66.05;67.46;0.00;194.21
84;ourVehicle13;63.23;52.73;0.00;190.30
84;ourVehicle22;174.29;74.11;7.93;111.55
84;ourVehicle23;110.04;101.02;0.00;286.99
84;ourVehicle28;130.19;91.52;15.14;106.99
84;ourVehicle29;81.06;108.25;0.00;274.68
84;ourVehicle3;69.74;82.01;0.00;194.21
84;ourVehicle30;149.46;15.73;14.12;204.93
84;ourVehicle32;164.12;47.27;12.41;204.93
84;ourVehicle33;66.51;52.91;9.88;10.30
84;ourVehicle35;69.44;108.07;0.00;99.64
84;ourVehicle38;47.26;111.84;0.00;99.64
84;ourVehicle39;105.00;99.22;16.20;106.99
84;ourVehicle4;74.92;103.89;0.00;139.47
84;ourVehicle40;117.22;98.83;0.00;286.99
84;ourVehicle50;146.20;1.40;10.08;62.65
84;ourVehicle52;61.89;45.35;0.00;190.30
84;ourVehicle56;62.52;33.27;6.50;41.59
84;ourVehicle58;62.05;109.33;0.00;99.64
84;ourVehicle6;102.87;103.21;0.00;286.99
84;ourVehicle61;48.72;30.03;4.55;105.81
84;ourVehicle68;54.65;110.59;0.00;99.64
84;ourVehicle70;131.57;94.43;0.02;291.55
84;ourVehicle81;64.57;60.11;0.00;190.30
84;ourVehicle83;71.58;89.28;0.00;194.21
84;ourVehicle86;88.42;107.22;0.00;284.46
84;ourVehicle9;73.42;96.55;0.00;194.21
84;ourVehicle92;124.39;96.63;0.00;286.99
84;veh0;67.90;74.73;0.00;194.21
84;veh1;25.77;40.24;7.30;286.84
84;veh2;60.55;37.97;0.00;190.30
84;veh3;95.68;105.35;0.00;286.31
85;ourVehicle1;66.05;67.46;0.00;194.21
85;ourVehicle13;63.23;52.73;0.00;190.30
85;ourVehicle22;173.88;68.28;6.98;201.45
85;ourVehicle23;110.04;101.02;0.00;286.99
85;ourVehicle28;144.58;85.85;15.46;111.55
85;ourVehicle29;81.06;108.25;0.00;274.68
85;ourVehicle3;69.74;82.01;0.00;194.21
85;ourVehicle32;158.08;34.27;14.33;204.93
85;ourVehicle33;68.52;64.00;11.28;10.30
85;ourVehicle35;69.44;108.07;0.00;99.64
85;ourVehicle38;47.26;111.84;0.00;99.64
85;ourVehicle39;120.05;94.62;15.74;106.99
85;ourVehicle4;74.92;103.89;0.00;139.47
85;ourVehicle40;117.22;98.83;0.00;286.99
85;ourVehicle50;150.44;10.27;9.83;24.93
85;ourVehicle52;61.89;45.35;0.00;190.30
85;ourVehicle56;64.40;41.32;8.28;11.29
85;ourVehicle58;62.05;109.33;0.00;99.64
85;ourVehicle6;102.87;103.21;0.00;286.99
85;ourVehicle61;54.59;29.17;5.93;98.38
85;ourVehicle68;54.65;110.59;0.00;99.64
85;ourVehicle70;131.56;94.43;0.01;291.55
85;ourVehicle81;64.57;60.11;0.00;190.30
85;ourVehicle83;71.58;89.28;0.00;194.21
85;ourVehicle86;88.42;107.22;0.00;284.46
85;ourVehicle9;73.42;96.55;0.00;194.21
85;ourVehicle92;124.39;96.63;0.00;286.99
85;veh0;67.90;74.73;0.00;194.21
85;veh1;18.31;42.14;7.70;283.28
85;veh2;60.55;37.97;0.00;190.30
85;veh3;95.68;105.35;0.00;286.31
86;ourVehicle1;66.05;67.46;0.00;194.21
86;ourVehicle13;63.23;52.73;0.00;190.30
86;ourVehicle22;169.98;59.89;9.25;204.93
86;ourVehicle23;110.04;101.02;0.00;286.99
86;ourVehicle28;157.64;80.69;14.04;111.55
86;ourVehicle29;81.06;108.25;0.00;274.68
86;ourVehicle3;69.74;82.01;0.00;194.21
86;ourVehicle32;151.35;19.79;15.97;204.93
86;ourVehicle33;71.89;77.46;13.87;14.24
86;ourVehicle35;69.44;108.07;0.00;99.64
86;ourVehicle38;47.26;111.84;0.00;99.64
86;ourVehicle39;134.71;89.75;15.46;111.24
86;ourVehicle4;74.92;103.89;0.00;139.47
86;ourVehicle40;117.22;98.83;0.00;286.99
86;ourVehicle50;155.37;20.86;11.69;24.93
86;ourVehicle52;61.89;45.35;0.00;190.30
86;ourVehicle56;66.17;51.06;9.89;10.30
86;ourVehicle58;62.05;109.33;0.00;99.64
86;ourVehicle6;102.87;103.21;0.00;286.99
86;ourVehicle61;62.06;28.68;7.49;92.28
86;ourVehicle68;54.65;110.59;0.00;99.64
86;ourVehicle70;131.56;94.43;0.00;291.55
86;ourVehicle81;64.57;60.11;0.00;190.30
86;ourVehicle83;71.58;89.28;0.00;194.21
86;ourVehicle86;88.42;107.22;0.00;284.46
86;ourVehicle9;73.42;96.55;0.00;194.21
86;ourVehicle92;124.39;96.63;0.00;286.99
86;veh0;67.90;74.73;0.00;194.21
86;veh1;11.19;43.82;7.31;283.28
86;veh2;60.55;37.97;0.00;190.30
86;veh3;95.68;105.35;0.00;286.31
87;ourVehicle1;66.05;67.46;0.00;194.21
87;ourVehicle13;63.23;52.73;0.00;190.30
87;ourVehicle22;165.20;49.61;11.33;204.93
87;ourVehicle23;110.04;101.02;0.00;286.99
87;ourVehicle28;168.36;76.46;11.52;111.55
87;ourVehicle29;81.06;108.25;0.00;274.68
87;ourVehicle3;69.74;82.01;0.00;194.21
87;ourVehicle32;146.11;8.53;12.42;204.93
87;ourVehicle33;75.50;91.69;14.68;14.24
87;ourVehicle35;69.44;108.07;0.00;99.64
87;ourVehicle38;47.26;111.84;0.00;99.64
87;ourVehicle39;148.04;84.48;14.33;111.55
87;ourVehicle4;74.92;103.89;0.00;139.47
87;ourVehicle40;117.22;98.83;0.00;286.99
87;ourVehicle50;161.15;33.30;13.72;24.93
87;ourVehicle52;61.89;45.35;0.00;190.30
87;ourVehicle56;68.40;63.33;12.47;10.30
87;ourVehicle58;62.05;109.33;0.00;99.64
87;ourVehicle6;102.87;103.21;0.00;286.99
87;ourVehicle61;71.13;26.48;9.36;107.00
87;ourVehicle68;54.65;110.59;0.00;99.64
87;ourVehicle70;131.56;94.43;0.00;291.55
87;ourVehicle81;64.57;60.11;0.00;190.30
87;ourVehicle83;71.58;89.28;0.00;194.21
87;ourVehicle86;88.42;107.22;0.00;284.46
87;ourVehicle9;73.42;96.55;0.00;194.21
87;ourVehicle92;124.39;96.63;0.00;286.99
87;veh0;67.90;74.73;0.00;194.21
87;veh1;4.04;45.50;7.35;283.28
87;veh2;60.45;35.95;2.02;187.30
87;veh3;95.68;105.35;0.00;286.31
88;ourVehicle1;66.05;67.46;0.00;194.21
88;ourVehicle13;63.23;52.73;0.00;190.30
88;ourVehicle22;159.65;37.67;13.17;204.93
88;ourVehicle23;110.04;101.02;0.00;286.99
88;ourVehicle27;63.67;37.30;15.00;346.42
88;ourVehicle28;174.87;73.85;7.02;111.97
88;ourVehicle29;81.06;108.25;0.00;274.68
88;ourVehicle3;69.74;82.01;0.00;194.21
88;ourVehicle32;141.05;2.90;8.80;237.71
88;ourVehicle33;78.49;102.41;11.14;17.25
88;ourVehicle35;69.44;108.07;0.00;99.64
88;ourVehicle38;47.26;111.84;0.00;99.64
88;ourVehicle39;159.36;80.01;12.17;111.55
88;ourVehicle4;74.92;103.89;0.00;139.47
88;ourVehicle40;117.22;98.83;0.00;286.99
88;ourVehicle50;167.13;46.17;14.19;24.93
88;ourVehicle52;61.56;43.51;1.87;190.30
88;ourVehicle56;71.86;77.34;14.44;14.24
88;ourVehicle58;62.05;109.33;0.00;99.64
88;ourVehicle6;102.87;103.21;0.00;286.99
88;ourVehicle61;81.75;22.84;11.24;109.10
88;ourVehicle68;54.65;110.59;0.00;99.64
88;ourVehicle70;131.56;94.43;0.00;291.55
88;ourVehicle81;64.57;60.11;0.00;190.30
88;ourVehicle83;71.58;89.28;0.00;194.21
88;ourVehicle86;88.42;107.22;0.00;284.46
88;ourVehicle9;73.42;96.55;0.00;194.21
88;ourVehicle92;124.39;96.63;0.00;286.99
88;veh0;67.90;74.73;0.00;194.21
88;veh2;61.26;31.76;4.34;170.77
88;veh3;95.68;105.35;0.00;286.31
89;ourVehicle1;66.05;67.46;0.00;194.21
89;ourVehicle13;62.99;51.41;1.34;190.30
89;ourVehicle22;153.44;24.29;14.75;204.93
89;ourVehicle23;110.04;101.02;0.00;286.99
89;ourVehicle27;66.24;51.44;14.37;10.30
89;ourVehicle28;173.74;67.98;6.67;203.49
89;ourVehicle29;81.06;108.25;0.00;274.68
89;ourVehicle3;69.74;82.01;0.00;194.21
89;ourVehicle32;130.98;7.04;10.89;292.34
89;ourVehicle33;88.41;103.92;11.21;102.61
89;ourVehicle35;69.44;108.07;0.00;99.64
89;ourVehicle38;47.26;111.84;0.00;99.64
89;ourVehicle39;166.70;77.11;7.89;111.55
89;ourVehicle4;74.92;103.89;0.00;139.47
89;ourVehicle40;117.22;98.83;0.00;286.99
89;ourVehicle50;172.93;58.64;13.75;24.93
89;ourVehicle52;60.84;39.59;3.98;190.30
89;ourVehicle56;75.16;90.37;13.44;14.24
89;ourVehicle58;62.05;109.33;0.00;99.64
89;ourVehicle6;102.87;103.21;0.00;286.99
89;ourVehicle61;93.72;18.47;12.74;110.86
89;ourVehicle68;54.65;110.59;0.00;99.64
89;ourVehicle70;131.56;94.43;0.00;291.55
89;ourVehicle81;64.57;60.11;0.00;190.30
89;ourVehicle83;71.58;89.28;0.00;194.21
89;ourVehicle86;88.42;107.22;0.00;284.46
89;ourVehicle9;73.42;96.55;0.00;194.21
89;ourVehicle92;124.39;96.63;0.00;286.99
89;veh0;67.90;74.73;0.00;194.21
89;veh2;66.65;27.87;6.80;121.00
89;veh3;95.68;105.35;0.00;286.31
90;ourVehicle1;66.05;67.46;0.00;194.21
90;ourVehicle13;62.36;47.94;3.53;190.30
90;ourVehicle22;148.13;12.87;12.60;204.93
90;ourVehicle23;110.04;101.02;0.00;286.99
90;ourVehicle27;68.75;65.12;13.91;10.60
90;ourVehicle28;170.06;60.07;8.72;204.93
90;ourVehicle29;81.06;108.25;0.00;274.68
90;ourVehicle3;69.74;82.01;0.00;194.21
90;ourVehicle32;119.36;11.81;12.56;292.34
90;ourVehicle33;101.40;100.32;13.48;106.99
90;ourVehicle35;69.44;108.07;0.00;99.64
90;ourVehicle38;47.26;111.84;0.00;99.64
90;ourVehicle39;173.12;74.58;6.90;111.55
90;ourVehicle4;74.92;103.89;0.00;139.47
90;ourVehicle40;117.22;98.83;0.00;286.99
90;ourVehicle50;178.20;69.98;12.51;24.93
90;ourVehicle52;63.46;37.08;6.11;116.85
90;ourVehicle56;78.03;103.17;13.14;10.00
90;ourVehicle58;62.05;109.33;0.00;99.64
90;ourVehicle6;102.87;103.21;0.00;286.99
90;ourVehicle61;106.60;13.56;13.78;110.86
90;ourVehicle68;54.65;110.59;0.00;99.64
90;ourVehicle70;131.56;94.43;0.00;291.55
90;ourVehicle81;64.34;58.85;1.29;190.30
90;ourVehicle83;71.58;89.28;0.00;194.21
90;ourVehicle86;88.42;107.22;0.00;284.46
90;ourVehicle9;73.42;96.55;0.00;194.21
90;ourVehicle92;124.39;96.63;0.00;286.99
90;veh0;67.90;74.73;0.00;194.21
90;veh2;74.60;25.31;8.35;108.23
90;veh3;95.68;105.35;0.00;286.31
91;ourVehicle1;65.75;66.25;1.25;194.21
91;ourVehicle13;61.46;43.00;5.02;190.30
91;ourVehicle22;143.98;3.95;9.84;204.93
91;ourVehicle23;110.04;101.02;0.00;286.99
91;ourVehicle27;72.38;79.39;14.72;14.24
91;ourVehicle28;165.54;50.33;10.74;204.93
91;ourVehicle29;81.06;108.25;0.00;274.68
91;ourVehicle3;69.74;82.01;0.00;194.21
91;ourVehicle32;106.13;17.17;14.28;291.51
91;ourVehicle33;114.94;96.18;14.17;106.99
91;ourVehicle35;69.44;108.07;0.00;99.64
91;ourVehicle38;47.26;111.84;0.00;99.64
91;ourVehicle39;174.13;68.83;7.63;195.91
91;ourVehicle4;74.92;103.89;0.00;139.47
91;ourVehicle40;117.22;98.83;0.00;286.99
91;ourVehicle50;173.99;77.68;10.58;300.13
91;ourVehicle52;64.94;44.27;7.39;10.30
91;ourVehicle56;69.08;111.39;13.83;284.74
91;ourVehicle58;62.05;109.33;0.00;99.64
91;ourVehicle6;102.87;103.21;0.00;286.99
91;ourVehicle61;120.20;8.01;14.69;112.33
91;ourVehicle68;54.65;110.59;0.00;99.64
91;ourVehicle70;131.56;94.43;0.00;291.55
91;ourVehicle81;63.88;56.27;2.62;190.30
91;ourVehicle83;71.58;89.28;0.00;194.21
91;ourVehicle86;88.42;107.22;0.00;284.46
91;ourVehicle9;73.42;96.55;0.00;194.21
91;ourVehicle92;124.39;96.63;0.00;286.99
91;veh0;67.90;74.73;0.00;194.21
91;veh2;81.33;22.98;7.13;109.10
91;veh3;95.68;105.35;0.00;286.31
92;ourVehicle1;65.43;64.80;1.49;193.71
92;ourVehicle13;60.77;39.18;3.89;190.30
92;ourVehicle22;139.03;3.73;5.92;277.53
92;ourVehicle23;110.04;101.02;0.00;286.99
92;ourVehicle27;75.14;90.29;11.24;14.24
92;ourVehicle28;160.20;38.85;12.66;204.93
92;ourVehicle29;81.06;108.25;0.00;274.68
92;ourVehicle3;69.74;82.01;0.00;194.21
92;ourVehicle32;91.19;22.86;15.98;290.84
92;ourVehicle33;128.29;92.10;13.96;106.99
92;ourVehicle35;69.44;108.07;0.00;99.64
92;ourVehicle38;47.26;111.84;0.00;99.64
92;ourVehicle39;170.08;60.11;9.62;204.93
92;ourVehicle4;74.92;103.89;0.00;139.47
92;ourVehicle40;117.22;98.83;0.00;286.99
92;ourVehicle50;162.55;82.19;12.30;291.55
92;ourVehicle52;66.67;53.78;9.66;10.30
92;ourVehicle56;54.66;113.84;14.63;279.64
92;ourVehicle58;62.05;109.33;0.00;99.64
92;ourVehicle6;102.87;103.21;0.00;286.99
92;ourVehicle61;132.98;2.76;13.81;112.33
92;ourVehicle68;54.65;110.59;0.00;99.64
92;ourVehicle70;131.56;94.43;0.00;291.55
92;ourVehicle81;63.04;51.65;4.69;190.30
92;ourVehicle83;71.58;89.28;0.00;194.21
92;ourVehicle86;88.42;107.22;0.00;284.46
92;ourVehicle9;73.42;96.55;0.00;194.21
92;ourVehicle92;124.39;96.63;0.00;286.99
92;veh0;67.60;73.55;1.22;194.21
92;veh2;88.83;20.34;7.95;109.63
92;veh3;95.68;105.35;0.00;286.31
93;ourVehicle1;64.70;60.79;4.08;190.53
93;ourVehicle13;60.53;33.93;5.30;182.12
93;ourVehicle22;132.00;6.62;7.60;292.34
93;ourVehicle23;110.04;101.02;0.00;286.99
93;ourVehicle27;76.80;96.83;6.74;14.24
93;ourVehicle28;153.90;25.30;14.94;204.93
93;ourVehicle29;81.06;108.25;0.00;274.68
93;ourVehicle3;69.50;81.07;0.96;194.21
93;ourVehicle32;73.69;29.01;18.55;289.12
93;ourVehicle33;141.46;87.08;14.10;111.55
93;ourVehicle35;69.44;108.07;0.00;99.64
93;ourVehicle38;47.26;111.84;0.00;99.64
93;ourVehicle39;165.21;49.62;11.56;204.93
93;ourVehicle4;74.92;103.89;0.00;139.47
93;ourVehicle40;117.22;98.83;0.00;286.99
93;ourVehicle50;151.27;86.65;12.13;291.55
93;ourVehicle52;68.74;65.05;11.46;10.55
93;ourVehicle56;44.63;115.54;10.18;279.64
93;ourVehicle58;62.05;109.33;0.00;99.64
93;ourVehicle6;102.87;103.21;0.00;286.99
93;ourVehicle61;142.15;-0.75;9.84;109.50
93;ourVehicle68;54.65;110.59;0.00;99.64
93;ourVehicle70;131.56;94.43;0.00;291.55
93;ourVehicle81;62.38;48.02;3.69;190.30
93;ourVehicle83;71.58;89.28;0.00;194.21
93;ourVehicle86;88.42;107.22;0.00;284.46
93;ourVehicle9;73.42;96.55;0.00;194.21
93;ourVehicle92;124.39;96.63;0.00;286.99
93;veh0;67.24;72.14;1.46;194.21
93;veh2;96.14;17.55;7.83;110.86
93;veh3;95.68;105.35;0.00;286.31
94;ourVehicle1;63.91;56.44;4.42;190.30
94;ourVehicle13;64.78;28.74;7.02;132.28
94;ourVehicle22;123.59;10.08;9.10;292.34
94;ourVehicle23;110.04;101.02;0.00;286.99
94;ourVehicle27;77.35;99.01;2.24;14.24
94;ourVehicle28;147.19;10.84;15.94;204.93
94;ourVehicle29;81.06;108.25;0.00;274.68
94;ourVehicle3;69.21;79.90;1.21;194.21
94;ourVehicle32;63.64;36.64;14.05;340.17
94;ourVehicle33;155.21;81.65;14.77;111.55
94;ourVehicle35;69.44;108.07;0.00;99.64
94;ourVehicle38;47.26;111.84;0.00;99.64
94;ourVehicle39;159.62;37.60;13.25;204.93
94;ourVehicle4;74.92;103.89;0.00;139.47
94;ourVehicle40;117.22;98.83;0.00;286.99
94;ourVehicle50;143.57;89.69;8.28;291.55
94;ourVehicle52;71.81;77.15;12.48;14.24
94;ourVehicle56;38.38;116.60;6.33;279.64
94;ourVehicle58;62.05;109.33;0.00;99.64
94;ourVehicle6;102.87;103.21;0.00;286.99
94;ourVehicle61;148.40;5.86;9.90;26.30
94;ourVehicle68;54.65;110.59;0.00;99.64
94;ourVehicle70;131.56;94.43;0.00;291.55
94;ourVehicle81;61.37;42.49;5.62;190.30
94;ourVehicle83;71.45;88.76;0.53;194.21
94;ourVehicle86;88.42;107.22;0.00;284.46
94;ourVehicle9;73.42;96.55;0.00;194.21
94;ourVehicle92;124.39;96.63;0.00;286.99
94;veh0;66.39;68.77;3.47;194.21
94;veh2;103.78;14.64;8.18;110.86
94;veh3;95.68;105.35;0.00;286.31
95;ourVehicle1;62.89;50.86;5.67;190.30
95;ourVehicle13;73.09;25.84;8.82;107.62
95;ourVehicle22;113.12;14.38;11.31;292.34
95;ourVehicle23;110.04;101.02;0.00;286.99
95;ourVehicle27;77.50;99.57;0.59;14.24
95;ourVehicle29;81.06;108.25;0.00;274.68
95;ourVehicle3;68.43;76.86;3.14;194.21
95;ourVehicle32;66.01;50.15;13.73;10.30
95;ourVehicle33;166.74;77.10;12.40;111.55
95;ourVehicle35;69.44;108.07;0.00;99.64
95;ourVehicle38;47.26;111.84;0.00;99.64
95;ourVehicle39;153.29;23.98;15.03;204.93
95;ourVehicle4;74.92;103.89;0.00;139.47
95;ourVehicle40;117.22;98.83;0.00;286.99
95;ourVehicle50;139.64;91.24;4.22;291.55
95;ourVehicle52;74.05;86.00;9.13;14.24
95;ourVehicle56;38.03;113.41;5.68;174.51
95;ourVehicle58;62.05;109.33;0.00;99.64
95;ourVehicle6;102.87;103.21;0.00;286.99
95;ourVehicle61;153.35;16.51;11.74;24.93
95;ourVehicle68;54.65;110.59;0.00;99.64
95;ourVehicle70;131.56;94.43;0.00;291.55
95;ourVehicle81;60.61;38.31;4.25;190.30
95;ourVehicle83;71.13;87.48;1.32;194.21
95;ourVehicle86;88.42;107.22;0.00;284.46
95;ourVehicle9;73.33;96.21;0.36;194.21
95;ourVehicle92;124.39;96.63;0.00;286.99
95;veh0;65.35;64.40;4.49;193.39
95;veh2;110.89;11.83;7.64;111.93
95;veh3;-1.00;-1.00;0.00;0.00
